,alert_key,probability
1467,364467,0.3284338814820647
341,360833,0.31792782214512244
77,355751,0.29697908610650436
1410,364223,0.2901352547226123
374,356612,0.2583026312999697
3719,356388,0.20602819632487454
1581,360041,0.20602819632487454
653,356055,0.20068223188627707
923,359653,0.20068223188627707
3580,357286,0.19949874211094065
1947,364332,0.18908741795144618
2466,355382,0.1887620272345326
390,361617,0.18839045639721635
145,355384,0.17169034347297163
2738,360601,0.15952737842955073
2642,362488,0.1533169499324505
979,361303,0.1526413722604401
633,359499,0.1518220283393316
1157,364705,0.15053519559146195
3545,363160,0.14848190221530383
3014,358988,0.14546252710511948
2046,358471,0.14419499088570542
771,358721,0.13936768745743006
814,363040,0.13879086992653092
2324,358454,0.13114956583555792
3499,361012,0.13096079890387147
1946,364926,0.12981424818822984
975,354810,0.11900157959297347
981,353248,0.11825157067213043
2596,361867,0.11503807346101848
3316,363479,0.11492172140856124
3264,355759,0.11474608813824701
1113,359469,0.11376930499602017
2838,354807,0.10733328123696458
172,357498,0.10731087261045814
3697,357101,0.10699631456295877
1583,364304,0.10634481041879534
3347,363754,0.10634017431513132
2198,355793,0.10573583440383333
432,358464,0.10404299684161693
760,354616,0.10367468206636588
312,362735,0.10336519057527671
1775,361859,0.10223974253284565
589,360225,0.10137662880169539
2922,357091,0.10106104086405805
3432,357883,0.09890879586691517
2544,364612,0.09886694075474238
994,357862,0.09815914102389536
1764,356409,0.09752103700462618
3069,360064,0.09752103700462618
3138,356304,0.09733973643409266
1462,359946,0.09733973643409266
712,361296,0.096949530167674
2471,364743,0.09664691878750004
389,355418,0.09488630039084933
3265,360581,0.09397248039016526
57,354047,0.09343982784652238
3118,356602,0.091190529910934
2755,364196,0.09012909093055217
1940,363034,0.08815947595005977
3120,364493,0.08666631772854581
1047,363753,0.08250787801959138
3829,356413,0.08150122527178165
1746,360069,0.08150122527178165
2261,358453,0.08105467578305844
937,359607,0.0808065220658933
1534,356016,0.0808065220658933
292,357322,0.0805936978209993
1517,364495,0.0804429524447192
1411,364033,0.07961852706806614
1598,353566,0.07840110648335517
707,354413,0.07597672220024582
558,358252,0.07554604725455212
3029,352816,0.07479107711171241
1887,357482,0.07478973010002948
2148,356628,0.07467650585913761
986,363905,0.07443489080731176
2226,355900,0.07342460990983408
198,357509,0.07304057301026727
1823,363328,0.07270444847600332
3254,356426,0.07214495586216528
663,361000,0.07196949391013023
3046,356617,0.07175358551119071
419,358443,0.07104654722353927
388,355090,0.07098094535956836
3733,363168,0.07083588854492427
3445,362461,0.07059482306939933
1016,355403,0.07016358530002699
3333,362301,0.07006747994121848
1182,357699,0.07004442504613113
2583,359384,0.06990966088642722
627,361295,0.06961625705670796
2357,358276,0.06947763249168724
2177,358457,0.06941414936597333
926,357702,0.06932014795373899
3675,362449,0.06927623105588661
320,355801,0.06877329690168163
1744,352503,0.06824977468193442
1806,360085,0.06800846935620287
863,364020,0.06760500976211646
1889,361145,0.06756994898922875
631,358229,0.06646407963314095
2887,356614,0.06597783990390799
299,355196,0.0654302932142287
2152,356188,0.06537143582920844
3827,359858,0.06537143582920844
2068,358197,0.06505310090219185
2203,359491,0.06499497211037328
868,361857,0.06487364594067942
3671,352699,0.0644600077631123
1621,354262,0.06445890970106465
3833,358610,0.06443291885019437
2840,362246,0.06429393132894647
1553,354465,0.06422769936311058
577,362225,0.06374202097671745
277,363284,0.06365157108042181
1327,354432,0.06352242237245667
1548,354669,0.06351418828798233
3541,363129,0.06318791585027778
648,361011,0.06302196525029596
113,364695,0.06299681026640919
100,354820,0.06294650930208938
2554,362151,0.06261442317073615
3182,361463,0.06236554124189634
2215,359536,0.06226431471253618
1824,364603,0.06177740885618071
582,359656,0.06177084735895312
3530,357887,0.06150659741709563
3590,358844,0.06122625712115707
229,364319,0.06083589145528617
3133,358463,0.060833379097445385
3381,357527,0.060670976561195
61,355808,0.060546868019642895
916,361705,0.06044493338917229
3672,356183,0.060318428764586256
1189,359852,0.060318428764586256
265,361136,0.06010519722441868
90,360264,0.06006786807797865
1058,353494,0.059670820683433684
1052,359674,0.05951110864125063
1144,357885,0.05944135960838067
4,354443,0.059414200804101515
1458,354966,0.05875014761984528
2069,352715,0.0584280254055099
3157,355193,0.057820921277793556
3373,357223,0.057755703182428605
1037,358281,0.05775557670508212
1645,355555,0.057640808553723624
2206,355570,0.057590178805408926
3573,360955,0.05755416037721202
1223,352492,0.05753492054334556
774,359498,0.05710953909430989
591,363767,0.056925269921190735
1371,361836,0.056871538787119126
3006,355633,0.05685794275617506
2948,355565,0.05682716097073991
3781,358459,0.0567874417865023
89,358458,0.05672007762962518
2821,360839,0.056689888526339084
189,355411,0.05628122502619675
3435,360594,0.05625746978830518
915,357107,0.05625255013373841
2751,352859,0.05614109709484337
2617,361996,0.05598740048615721
3612,362480,0.055955862083861094
2624,357788,0.055768426341318955
2901,360646,0.05566675521189202
2585,352507,0.05564732199432298
2415,354667,0.05556002322435407
2302,353407,0.05521951476932886
3387,358734,0.05509525579527969
3195,355182,0.05504157109872302
3724,353833,0.05484873191081774
1641,361835,0.05456602330886634
791,364195,0.054520385881084515
3549,355559,0.05432528849830762
3321,364179,0.05419455190340027
3546,357347,0.054043335580036524
2149,357079,0.053974211392584605
3710,361140,0.05394726854786832
2338,356249,0.0538864625896876
1817,359785,0.0538864625896876
1030,354447,0.05376396041986069
2263,353065,0.053701942163060006
69,362723,0.05336499710917482
3585,358005,0.053334818898976025
1916,354968,0.053106110334254476
3772,352522,0.05308525166921116
65,364626,0.052809645751975054
104,353872,0.052798183261024076
3442,354044,0.05279537331104546
1221,362851,0.052775389190344184
1589,360072,0.05277252403116376
2462,353394,0.05271562970643106
1697,363455,0.05263212192853768
1836,362715,0.052546390123739115
3065,359385,0.052505689839471195
3618,364036,0.05236775187527119
3362,361569,0.052336663190888554
2416,358725,0.05225356258286063
865,364751,0.05224876095807429
1071,360386,0.052142153674453684
2360,358233,0.05205381850838792
588,352487,0.052030333964642156
1172,360654,0.05195913090160744
2920,364721,0.0518423124831757
3645,356959,0.05179487709842947
3271,362003,0.05178566498249834
2640,359143,0.051619961206444576
879,364983,0.051610116613965515
729,360847,0.051603190506065766
1844,358280,0.05142350024270392
2635,356962,0.051413771795930235
723,364193,0.05129266676644095
959,355724,0.051202033502406985
1196,353865,0.05080717933672674
1394,363337,0.05079848627292876
3183,356776,0.05052293536984901
3408,358984,0.05052231647403401
1724,360577,0.050395174565535106
92,363136,0.05038867382507724
2589,361146,0.0503832057883361
3764,355770,0.05037174890838625
550,361552,0.05033620827080377
3192,362132,0.05033556211670013
3714,361124,0.05033361204947762
1779,354045,0.05021445670547586
1782,364778,0.05018052328228122
1588,364455,0.0501729146593352
1538,354428,0.04996294014225035
2106,364447,0.049881384873484626
662,361024,0.04985076174210058
3277,353084,0.049803503703451754
2298,363740,0.04969051414297898
1838,353376,0.0496351017369891
486,358248,0.04962121246570073
2108,361698,0.04957579894968015
2252,360588,0.04947281211689701
164,356951,0.049318857569288437
3331,355769,0.04931528989253792
3360,359135,0.04924351369589016
3228,363153,0.04921481016527673
1263,363902,0.0488720872379037
1334,356589,0.048860678845705885
2395,362296,0.048812793896434004
669,363588,0.04877772893463376
687,355795,0.0487487934360387
779,362153,0.048627355093833285
3357,354143,0.04856032300728246
1865,355740,0.048521352959651244
1234,356781,0.04849621341089483
2124,356307,0.04818678442356747
560,353236,0.0481688815957264
572,358273,0.048152700343445716
530,363472,0.04812982286332926
1753,353879,0.04812954865762914
2530,364994,0.04812564121542226
3489,364699,0.04812201949400009
138,363459,0.04811274818099656
2923,364999,0.04779589511418753
70,356790,0.04777699192878411
2908,354826,0.04775096232207352
3487,353227,0.04774087695839856
2535,364458,0.0476397372155097
1669,362858,0.047638352592000506
3602,364314,0.04752261217417263
1762,363346,0.047469645385316526
2460,364689,0.04739458877714688
934,359477,0.04735716532378366
2975,359272,0.04717360065569371
1059,355420,0.04712353551713638
1725,362479,0.04708063022172392
874,354220,0.047036983060738634
805,362930,0.046974037684076916
82,359854,0.0469607911935873
241,353200,0.046937829708738776
2442,354573,0.046878882596258546
463,364184,0.046839405491658666
2229,360090,0.046778702136008515
817,358066,0.0466345179552944
1379,361291,0.04658438271343315
1041,357124,0.046570332798151835
952,352497,0.046495413390556385
3820,356610,0.0464947636330148
890,359654,0.046448082842687574
743,358616,0.046446023133906396
1293,360396,0.04636357085887364
3575,364311,0.046352978880692265
538,356624,0.04607490803973929
2233,352480,0.046045743890750696
2479,363764,0.04593699131978697
3458,362230,0.0458545050779229
733,364739,0.04577409815899644
629,362955,0.045754455273744075
2580,359376,0.0456970347050361
1249,364189,0.045597853944638146
471,354831,0.045596581069314315
1539,364484,0.04559268765997006
2468,353870,0.04559175598378445
3564,361575,0.045509373824774386
541,364667,0.04543051747499376
1432,357856,0.045429552719218655
1129,360563,0.045358452467977824
3135,357475,0.04535572320433662
2290,358568,0.04528085592370246
583,360652,0.04526238767614433
1493,357693,0.045260428497047825
873,364315,0.04525671879762794
714,355222,0.04521826927584332
2219,361018,0.04517376802317563
3818,362451,0.045086343066563395
3013,359222,0.045007341893217666
3801,361150,0.044998170099993066
1433,361580,0.044989364970742865
3581,353403,0.04490037724586944
1437,354569,0.04487083076093531
1114,355428,0.0448385083589093
190,354673,0.04482729091947971
1481,363130,0.0448004554765662
2380,357095,0.04479417787221243
1587,359390,0.044768932933922395
1048,365001,0.04476774414520094
647,358235,0.04471060281601136
3809,357510,0.04467412250898328
2331,361025,0.044587379917678284
3629,358006,0.044566025387732244
2985,363757,0.04453310048385163
1075,360649,0.04442703501597355
2714,363446,0.04438124399661854
1758,361998,0.04434748550411837
3631,364333,0.044304320171301904
449,360079,0.04429246020695195
2569,356422,0.04429246020695195
1867,357291,0.044256637154948486
925,358481,0.044244055775599776
1904,358626,0.04421390484589274
2304,362727,0.04414594875403069
233,363320,0.04413904442430577
1866,354670,0.04408709268948811
799,360997,0.04407366271815807
1777,364724,0.04405448603737048
1441,361152,0.04401270842308601
67,361856,0.04395539951885585
3057,358592,0.04388600806493601
2427,356411,0.04366897993339471
2655,360066,0.04366897993339471
2619,353231,0.04355635386480472
3725,353550,0.04353934780209434
3428,352344,0.04341003623256823
988,352700,0.04329002993293585
3508,362223,0.04328327183078075
1307,358044,0.04326854008004102
962,363918,0.04326824200699153
798,362273,0.043235971040182786
2477,357320,0.04318980040747368
1329,352880,0.04317038457085385
1780,363900,0.04315955009112598
3750,360294,0.043156591454667936
900,355806,0.043037030461651395
2494,361442,0.04302572494615734
427,354054,0.04300293619955423
2008,352342,0.0429918967653248
3743,358981,0.0429378313314691
1007,358214,0.042884548719198286
3375,355895,0.042845142590569846
2010,353582,0.04281050256306769
1147,357506,0.04280779277962345
3572,353578,0.042790949282115055
1313,360591,0.04277329264056455
3548,357103,0.04277098988582483
1239,361292,0.04276582573696281
2742,363020,0.04270351950945589
2523,353056,0.042681404536059404
205,354246,0.04267741616937449
1292,360648,0.04263456392634382
3314,358833,0.04263095975754965
1973,355198,0.04260632924684141
1035,352696,0.042555431740076026
1202,355429,0.042540423561886954
769,360293,0.042531925970266636
3542,355905,0.042487488729760395
222,357222,0.042407917593276764
16,357108,0.04239565896065656
3510,359495,0.04236603066068126
1219,363345,0.04235026836338992
75,356638,0.04233437302969531
1488,352654,0.042332776374020664
2963,355166,0.04232497285536716
210,363771,0.04230942208550277
2833,362175,0.042306842242171246
2037,353867,0.042287219703173604
2895,354401,0.04225806469276654
2436,355731,0.04225199968193878
2807,363755,0.042128680040236566
578,358455,0.042126570525929996
3825,363147,0.04212534713523873
444,356410,0.04212354491530713
1571,360584,0.0421234787008625
133,359483,0.042123221420565876
3007,357093,0.042121905523557435
3768,364305,0.04212183528431323
3239,361849,0.04211942361496521
195,353860,0.04192842595835145
3722,358260,0.04192110114149463
445,352343,0.041900593332623096
931,355756,0.04180598037419209
2476,364779,0.04175415155140291
447,360232,0.04170294993608174
1895,359365,0.04166973513371867
3650,360271,0.04164593737867267
1958,355540,0.041600472497741466
300,355397,0.04151465377047932
1019,364597,0.04146219912480663
2791,363123,0.041453444566075894
1657,361550,0.04145166482119327
2551,355150,0.04145152602525055
3555,355671,0.041439868173522854
2999,358956,0.04143923703075856
1951,364460,0.04140726636658886
2070,360843,0.04138756744098616
1272,358228,0.0413836473798525
2849,360598,0.041368383883477335
5,361128,0.04134624321023706
2615,353083,0.04134531260066344
215,358046,0.041308821006258004
703,356632,0.04130876014155712
3461,358467,0.04130857084161868
3534,359673,0.041307231342991864
1873,361545,0.04127707658590053
2871,360075,0.04113982156944384
1522,362916,0.04103919005859448
3422,362473,0.04081588996696171
243,357128,0.040813897258344514
1318,352253,0.04073278266090645
688,361280,0.04072008234599422
536,356966,0.04063659596814221
1689,352330,0.040565344147595966
3169,362155,0.04046047116210147
442,357259,0.040414280603022365
1203,358421,0.04037226437066666
1218,353413,0.040346290773201704
1407,358268,0.0403348691973812
1708,355827,0.04030994360866565
742,363896,0.040300018394867784
3193,360590,0.04024959901085954
2394,359675,0.04024369131697848
2280,354947,0.040092893322499254
1354,363158,0.040070361598929204
3253,354449,0.04002285025202923
48,364675,0.03997555008824739
2411,364639,0.039938855350267276
1236,364698,0.03991934766984201
1690,355347,0.039891419681640575
2377,357445,0.039859113910925094
477,362298,0.03984663109488438
3844,360534,0.03975928492326895
1885,364687,0.03972556003471824
1546,360400,0.039707423867123816
1122,354679,0.03967273055109839
2889,363033,0.03966756281930015
3291,357709,0.03965338420294762
465,354177,0.03963670574843153
964,358977,0.039627775934017034
3848,358067,0.039612272587691795
3502,361861,0.03957768395516788
950,362285,0.03946316639499171
3429,364631,0.039403658948510535
2550,356639,0.03939204134867875
599,363788,0.03935953524189935
291,357287,0.03931290204243971
474,364169,0.039286243913163786
826,360954,0.039226484242822525
3338,362176,0.03920321748164308
1560,362142,0.03915868986172799
3045,363467,0.03913970983282678
2886,360269,0.039066784632298644
3449,356569,0.03906355767260455
3778,360230,0.038982384242242034
1255,360053,0.03885990149589386
2369,356399,0.03885990149589386
1841,356372,0.03871676943710537
755,360018,0.03871676943710537
3599,355523,0.03865870334668162
1666,357304,0.03859199182288168
1502,364470,0.03856754579302146
2892,353556,0.03847361172863871
1206,354814,0.0384682492642559
2086,363780,0.038402434969082536
177,362890,0.03838224624066765
3025,364643,0.0383700054970391
1506,360989,0.03836049243271718
3095,363906,0.038280363131273865
49,358723,0.03815399808469295
3002,358693,0.03814193753657379
1497,357447,0.0380531143641809
319,354417,0.03797947734361281
395,362147,0.03792449187115978
1146,355810,0.03786779827690636
640,354263,0.03785773111806853
2563,355519,0.03784558516412434
3102,356594,0.037792426338807604
1922,364163,0.037792254070013374
1201,353033,0.03765872819046111
2277,354622,0.03746816381761035
2800,352501,0.03745566594986844
1315,357705,0.03736775647812911
3788,356180,0.03725922729380466
3063,359849,0.03725922729380466
1486,362848,0.03723812609460368
957,356037,0.037207090813159586
147,357448,0.03717799998394367
301,364734,0.03706237550942687
509,358036,0.037060772517972296
63,362125,0.03703548359090032
2941,362243,0.0370107512216794
717,354824,0.03694517780592124
1654,364321,0.036907225280882125
2276,359382,0.036890126914451614
3706,354421,0.03688134309919223
3446,364032,0.03681937255425663
522,354260,0.036779489095797785
1602,361574,0.036702537274859
529,363143,0.036656157553941096
2774,354470,0.03662182931866933
9,360609,0.03660517003945597
3790,357525,0.03647898376714228
754,355761,0.03646414656464895
2113,357457,0.03640878926988154
866,355156,0.036299304631445053
734,362483,0.03626897864675936
2826,354795,0.0362264006409096
2114,364135,0.03615813081986902
2260,353864,0.03615516512457778
2455,361299,0.03614572310693293
3457,356369,0.03605192769366053
1325,360015,0.03605192769366053
1680,354973,0.036015716899830144
3659,354801,0.035999479879984156
2320,363341,0.035939761433553874
2930,361263,0.035911886847680416
424,354780,0.03583541803706834
3639,360278,0.035831746562502265
2379,355780,0.035626954327483494
3232,361709,0.03553021503130306
1733,361864,0.03545844322865934
2604,363738,0.035437163354414165
3794,364628,0.03531159084090405
2243,354238,0.035277380700837774
3177,353596,0.03522384074262728
1728,363339,0.035191899249373784
1105,363149,0.0351831834325827
2305,354596,0.035107116646979096
2837,357493,0.035039231972412474
767,360292,0.03500824372277553
1593,363441,0.03495451561674915
2383,352309,0.03490071062410129
1812,363774,0.034853259822607056
3190,357670,0.0348245491467309
487,356949,0.034669971596224286
2571,364047,0.034575267913570754
3453,356387,0.034560589701983335
2718,360040,0.034560589701983335
3625,352508,0.0345466016980357
1183,357870,0.03441594259635707
1679,359487,0.03428645322396295
180,357221,0.03428307224947076
1672,358432,0.03406425945528222
2541,354256,0.03405724055624783
2267,358220,0.034046906901121055
1933,364728,0.033939598208895916
3644,362144,0.033876722981665885
3415,354459,0.03387134307896261
1097,364673,0.03380767847257264
2002,363584,0.03369771067628
2016,359633,0.033681882974421554
1685,362934,0.03365198474142813
3179,355201,0.033536452607347216
202,361566,0.03351754577545008
2518,359369,0.03350077137350351
3011,362717,0.033230795727270224
2645,354951,0.033221788667024924
1002,361137,0.033200692236243445
499,354603,0.033167699492156234
225,360566,0.0331383351129308
2637,355549,0.03306420011722408
2020,354258,0.03290383897357111
3485,357077,0.032871746539395785
982,356484,0.032853201261184344
1743,360147,0.032853201261184344
3212,358736,0.03284164460971006
3769,355123,0.032838650522977804
951,364041,0.03272622210199922
2626,359116,0.03271444015310014
1388,357466,0.03264417445888994
2620,361141,0.032620921295362135
2364,357109,0.0325934912027401
2706,361851,0.03255743497318796
3084,357098,0.032537465521709434
3001,358213,0.032528319405075036
554,359131,0.03246302096772822
3600,364995,0.03245798481059687
76,358254,0.03242396760386597
3,357668,0.032306336618154644
3540,359370,0.03219281591565954
1675,358239,0.032176609907768224
2970,355168,0.032176475844638314
1619,352337,0.032174152056730076
2819,363914,0.03212703910850064
146,361166,0.03204590751380587
1948,364599,0.032045137959032736
2120,357456,0.032028217793227926
1142,364307,0.032005278540851334
2301,357119,0.03194890780297624
3846,363155,0.03184897524787961
3758,353043,0.03179028213654775
3399,352302,0.031783439761634454
2153,355542,0.031674064812681015
2076,362478,0.031671065238319286
2597,352332,0.031663346654554156
3614,358842,0.03135792515352322
2147,358622,0.0312655461278093
1564,353592,0.03120099000876972
2166,364035,0.031151927039564976
1995,362015,0.031099618658307494
2725,355787,0.03105032780013038
2862,357285,0.030974509965730118
705,355673,0.03090752882123725
1519,362736,0.030853103092103297
2375,361865,0.030843470717141996
1629,354759,0.030825726716459046
3469,354962,0.030823430362023497
2292,359771,0.030804390200359633
3668,356225,0.030804390200359633
2548,354178,0.030731719646348465
1387,359142,0.030697359970736998
1605,356195,0.030695300574479088
891,356300,0.0305400800478458
1160,359941,0.0305400800478458
1884,360521,0.030508766551388372
764,360562,0.03050492839508334
1399,361285,0.030484593535262988
2934,364182,0.030471250630543137
793,360046,0.030430713997224745
790,356611,0.030413048767796172
1653,361570,0.030358701032780013
2446,358846,0.030134171613734998
870,356765,0.029981187417806893
293,362586,0.029973063970180704
3266,361312,0.029957017221101456
2648,354048,0.029882082413431887
214,353385,0.029836150222898993
2815,365009,0.02981907478137646
232,357324,0.029770542411958593
485,361711,0.02975992811694642
1511,357341,0.029728567538699895
3044,352494,0.02952474014983789
907,359134,0.029487829841624458
2897,354817,0.029410969914313752
2777,356746,0.029390872922947175
3048,363759,0.029321617497410156
3032,361459,0.02928274265601608
348,352558,0.02928108318603953
411,354218,0.029269644887349587
1290,360846,0.029224897286946154
3285,358624,0.0290953729551132
234,362725,0.02906823812633207
3463,356756,0.02905576132847796
3109,358602,0.02899267216142294
3273,362869,0.028894898790815603
156,353835,0.02888705471974653
3745,364031,0.028814864098790575
3819,363124,0.028692166877390044
739,353213,0.028557881350472592
364,354607,0.02846465267419017
1814,353077,0.02816823707914265
1825,360029,0.0281584883248988
3018,357688,0.028142643501924188
1633,353589,0.028091732050423715
2288,354435,0.02792514774004882
3341,364172,0.027914198725529086
3119,360730,0.027901526426512488
3513,363697,0.027882095020709714
1305,359141,0.027865786823779652
2811,356779,0.027641238159564607
2799,354658,0.027628867688988517
655,354662,0.027601878698339858
3544,363146,0.027585495192382035
1373,364780,0.027577951196328103
2898,361290,0.027558241794202454
716,355667,0.02754285819827289
404,355558,0.027495074694417348
2407,360991,0.027416581316613692
2087,364015,0.02741007011525673
797,359255,0.027373686138922024
3799,352495,0.027301662057239197
2594,363682,0.02727712122989098
2610,364767,0.02721462679807044
3009,362220,0.02721110767372698
3325,361551,0.02718295067996813
544,358250,0.027153082958095376
3189,360402,0.027119808411765395
1880,359468,0.02705266495320903
455,360034,0.027014767974653197
3335,364462,0.026988732716404958
3454,357863,0.026968629984577528
3330,354938,0.026959849546675838
2137,354040,0.026943482435658122
2484,357319,0.026892355739096537
1275,361160,0.026846190539379516
1795,359638,0.026831980118531964
2015,356043,0.026831980118531964
1165,362002,0.026818381743585005
2533,355915,0.026802823598932445
3021,354978,0.026719104704111873
853,354804,0.026700100331944542
3220,354950,0.026694872010972245
3067,352871,0.02664381369070226
54,355816,0.026565978646698213
3749,359853,0.026562499340494972
2074,362859,0.026530792571156096
273,355155,0.026526116339985688
2354,360393,0.026519403276712192
2444,360082,0.026489607271469977
2684,364748,0.026456585278739862
1237,355557,0.02641696499240176
1338,356630,0.02639342631524385
1148,359247,0.026392029653265182
2924,362918,0.026319565742992827
2896,355417,0.026229361487990637
1663,358621,0.026189899360881636
3657,358059,0.026189710578611105
2759,364295,0.025919635190421383
230,353888,0.025894360066841118
2315,357521,0.025866749250896437
773,355776,0.025822311735243644
2297,352870,0.025604667984410773
2681,358192,0.025572426216984426
328,361456,0.025518583522406983
517,364454,0.025471033812156377
2982,354452,0.025450930450823587
1214,356068,0.02544840526758405
3149,358232,0.025363541190871045
1555,356605,0.025355201819409014
1965,357295,0.025322320055124872
2454,356783,0.025313252447135393
1051,357086,0.025275003235516964
1430,360391,0.02519912388427678
1964,364011,0.02512276276773076
1192,360979,0.025065064098549722
1826,354819,0.025030761666991405
1727,361592,0.024969598407681037
2478,356749,0.024900749790805393
1626,354930,0.024826153365971562
1879,354629,0.024803074232667185
828,358970,0.024777022386553733
1296,358968,0.024770405912756796
2769,352658,0.024651134816641697
3276,361114,0.02462767540762513
635,355566,0.024469345187117242
2736,359227,0.024377269076449777
440,355204,0.02435014512142784
1063,360286,0.02432568249295505
2372,362207,0.02430915585943276
3557,357058,0.02418852296639576
1039,356918,0.024165051131603926
2519,362850,0.024111354391813635
2629,354565,0.024065542337160017
2503,354959,0.02404844424739978
2491,353571,0.024023027148267952
2627,358987,0.023926059916746942
3260,356600,0.023908785388196463
1266,354254,0.023900092483558493
1134,357656,0.0238925776665867
1860,360814,0.023856191846478556
2834,359650,0.02374308376522413
2808,356052,0.02374308376522413
1111,355815,0.02369775882827243
886,352329,0.023622497877488977
2029,359947,0.023564469914283372
1766,356305,0.023564469914283372
1445,362136,0.023544696641693702
182,359648,0.023510854891350436
3200,362926,0.023504313846174584
2579,360854,0.02349368028689739
2307,361117,0.023445438026361936
159,364678,0.023375195021019955
3160,358466,0.023343780874675688
609,361298,0.023341932944053716
1975,364715,0.023336154847412985
3756,359831,0.023293074705590427
1211,361778,0.02327072551904905
3235,364776,0.023200643650279944
281,364165,0.023191496232933012
3660,364320,0.023183360584846126
3528,359494,0.023183161703193688
2960,360597,0.023182789654985565
834,361860,0.023179066710820585
3303,356606,0.02314320611599724
1834,357712,0.023139064498091402
1959,355389,0.023129036211082237
2105,354792,0.023065007305224382
1084,363895,0.0230259437874742
1752,360263,0.023017580525420123
3605,354235,0.023005275404222925
1590,358037,0.022968239020191017
2788,363307,0.02293739023800032
1822,356736,0.022929914110271843
1688,364452,0.022919808191340332
980,361118,0.022912208213904432
2846,361547,0.02290370067805441
3411,359507,0.022834304129474202
1972,357526,0.022815099772334826
1851,358034,0.022813517846355196
2318,364788,0.022793608946810578
3234,357850,0.022723315261610613
2059,364703,0.022697956677654473
1115,359668,0.022689087154544454
3386,356065,0.022689087154544454
3255,364633,0.022640423520713323
606,360081,0.02263266821440581
1130,356424,0.02263266821440581
3755,364472,0.022582801032789687
2244,353569,0.022566387301557973
143,361314,0.02256632439082969
2163,353359,0.022542527825759676
3574,362203,0.02250789573226081
3835,357904,0.022506469135453382
829,362208,0.022505909816711384
2038,353072,0.022417939902935315
1542,357717,0.022364054051254835
1471,353848,0.02235723596670766
1085,358605,0.022340886316997613
1640,364150,0.02227872077351722
3089,361863,0.02221617371219564
2132,356014,0.022212859033085945
58,359605,0.022212859033085945
679,360567,0.0222077424750784
668,362853,0.022202457269234387
1322,362864,0.022187802260979158
1024,358008,0.02217110888349747
3434,360395,0.02212006907972917
363,361431,0.02196133790133568
2282,360094,0.021901277332203
183,357871,0.021895132968987638
2502,355789,0.021871366092049482
3693,352331,0.021854634905447846
1579,355376,0.021785286902699416
2482,358996,0.021775707495219124
1022,358708,0.021738313381786813
3054,362127,0.021562895949691095
2255,352693,0.021372246085951088
1164,364261,0.021367709359948663
877,355705,0.02128074028746376
2939,363730,0.02118024541584666
3384,357902,0.021169234699680194
3514,363338,0.021136825726555553
2027,356792,0.020966144770384484
2622,352886,0.020915718887011565
781,354226,0.0208984983464979
1533,354618,0.02082962800954963
3695,360287,0.020826052143971294
2447,354935,0.020749618021823357
2456,358769,0.020713611905513976
1012,362472,0.020689848020889096
1424,356165,0.020664624823007374
722,359828,0.020664624823007374
221,358808,0.02064821916647544
908,354836,0.020643472415460773
2952,360951,0.020618006882552067
1132,359268,0.020570325505382153
2319,355379,0.020505311591560046
423,357849,0.020492025950328764
1194,357274,0.02043203275803066
3738,355413,0.020385128418815412
642,361143,0.020329614827605043
2566,361437,0.02025429136526629
3638,361999,0.020254079006380314
1383,364468,0.02021907656111206
933,357682,0.020154479400991455
500,358850,0.020148333253325042
2904,354022,0.020096627963776783
839,357695,0.020086894622102433
3205,364044,0.020019928820616924
2450,355901,0.01992059884098374
438,355753,0.019918863035875683
226,363102,0.01988116857879571
3426,355567,0.01983377573436472
2733,355431,0.019827793787807784
1355,360282,0.019719625171195715
2487,358983,0.019681751341706678
2962,357893,0.01964913142952557
1778,358298,0.019526634196405334
3163,355152,0.019515772064915612
752,357081,0.01948548611770103
2026,359110,0.01937629700717725
2644,352557,0.01934579203105892
812,358195,0.019262918906243678
3598,355734,0.019249945858056745
3170,357314,0.01920320576434233
3473,359860,0.019170779019293985
1637,353234,0.019139254025091524
3536,362149,0.018956527217542426
1384,358604,0.018932607079427462
480,363746,0.01892165183850608
2373,361989,0.01891089889988031
1976,357209,0.01878810950143054
2608,364252,0.018785629319368925
3718,353080,0.01876605636441003
1963,356220,0.01875548991471905
2289,359767,0.01875548991471905
1500,362855,0.018725971090714413
3622,359389,0.018661393511899667
1978,362891,0.018618610660010415
3440,360645,0.018512724143895175
1335,361144,0.018422582042836907
2505,355221,0.018412022509712377
1929,353875,0.018400187433691113
2578,352877,0.01839695909479105
507,359377,0.01828794960664323
1903,364964,0.01821553402263714
1737,361015,0.018195616039424087
3563,354672,0.018165904484810872
621,357313,0.01814314495230525
3227,354652,0.018046823722958193
768,364986,0.01797562649823798
2449,356644,0.017972439555793557
2428,359950,0.01791986184180005
2770,363773,0.017914973852111736
2757,355212,0.01787889469849186
1706,355755,0.01779800544921626
905,353233,0.01770992850039272
1682,361581,0.017704008009716075
735,356303,0.017699143752959702
1649,359945,0.017699143752959702
2453,360653,0.01769771779613261
2306,362233,0.017697389928649197
2405,355899,0.017696949626008773
2835,363465,0.017696885611831786
3807,359391,0.017696775228411215
2723,356957,0.017696535175247514
1242,357700,0.01765633920180533
3020,356187,0.017636905697660084
1609,359857,0.017636905697660084
3215,359603,0.017550836249246714
846,355813,0.017517593887035707
651,361843,0.017509888672439897
171,360409,0.01749765580257952
1527,355556,0.0174685315117112
3634,361720,0.01746675757011291
2465,364993,0.01740846300423218
1881,363571,0.017392915415146176
2463,357852,0.01737529925196802
1504,356034,0.017352606287818283
3611,359626,0.017352606287818283
3328,361262,0.017307276384511277
1361,352670,0.017300526609765058
3233,356386,0.017109873241375435
2258,360039,0.017109873241375435
126,361282,0.01709212380503993
2618,354613,0.01707134536698264
1832,357292,0.01703222508377941
3230,359361,0.016953948415956505
3579,364479,0.016936609370688374
2836,363282,0.016920038666513246
1352,358911,0.016897618865673297
398,361008,0.016856655751529646
3389,363866,0.016849133479993686
1040,362490,0.016838954717435427
2679,360825,0.01678334155960847
110,360589,0.016770687493199148
346,360254,0.016707067412455125
201,354049,0.01668655833123314
514,361690,0.016629385345672276
1405,358989,0.016608955263074435
3274,355203,0.01660776472421786
313,364316,0.016596709171021223
2587,355725,0.016491629267333788
2675,356288,0.016489321248041065
1769,359925,0.016489321248041065
1339,355814,0.016483940072471278
2935,353587,0.016467043821446276
751,356601,0.016410213240376927
3527,355563,0.01639757139880013
1625,362450,0.016303808044070278
1594,360078,0.016295510955367534
3348,356421,0.016295510955367534
685,358253,0.01629389882885619
2171,357278,0.016288361536679914
2592,360990,0.016284347812307212
1258,357261,0.016210591423992924
3845,364485,0.016196741324436135
1220,361408,0.016192300466825807
220,357882,0.016127510780784005
809,362800,0.01606833034732335
3652,360582,0.016065640033444756
3512,360226,0.016017189977426717
3488,358061,0.016013847646804278
436,356216,0.016006499807785204
1886,359762,0.016006499807785204
256,360553,0.01599402587727648
2783,362005,0.015934271136216486
3497,356565,0.015910537110138376
1756,354970,0.015879948267922245
2458,352872,0.01587930030429804
3438,362734,0.015862410775306493
561,358946,0.015856372209141004
3486,360575,0.01580568266450191
1053,358064,0.015799071634559438
261,354595,0.015749442757299
3284,359130,0.015706790071192467
985,355426,0.01570240678655159
1273,359201,0.015669641539294808
3570,354234,0.015630291329035165
1902,363590,0.015621145281037696
3533,357112,0.015620248310689125
1390,358242,0.015611869068251762
283,357661,0.015574311594537975
2582,356120,0.015549074013859684
415,359732,0.015549074013859684
286,363478,0.015516175491778427
2371,358410,0.015508914503517535
526,354661,0.015391751918416097
96,364190,0.015383667589197104
3838,357275,0.015362816670806318
756,365073,0.01534053968335355
741,356859,0.015319544660672497
3174,359681,0.015316841505546
3709,362241,0.015271765502632659
1149,361436,0.015270606947737731
1046,358430,0.015264708287892934
1716,361837,0.015209799314596822
1240,357888,0.015095111326833588
929,362953,0.015044982948853093
3123,352874,0.015026113457860818
1287,361866,0.015014018184502058
1364,360923,0.015008966631088668
3199,362219,0.014999561877418792
2262,354431,0.0149691996600276
2174,358847,0.014959290411973952
2154,360559,0.014883024977606336
2499,362074,0.014870867629602878
2110,362287,0.014801474697359637
2348,359220,0.01479884208610577
3698,353045,0.014797639941082028
961,358001,0.014690922605002347
3173,360976,0.014647857614875132
3661,360468,0.014644921079412175
372,352249,0.014581738599814856
1050,358222,0.014463756087042184
199,364640,0.014427664901834525
855,364488,0.014412817195586443
3327,357282,0.014410981270669195
370,362131,0.014409012722713579
770,358264,0.014355754974879361
1191,354834,0.014355335326385783
719,364109,0.01434697556039387
2874,364194,0.0143285246904327
3229,352660,0.01432378674435636
2797,354675,0.014312265075652583
843,353059,0.014278632623311176
2017,358479,0.01423664323555281
3217,364961,0.01421301362571873
1092,357892,0.014197503378242665
938,357497,0.014094517544322777
2024,359126,0.014092402142823014
2631,353851,0.014091156055347318
1656,352298,0.01408225147306154
993,353847,0.01406605588270373
650,363276,0.014012112653692496
750,355362,0.014000517572292768
607,364186,0.013985098752667792
3090,354014,0.013965169229735522
1820,354604,0.013933864299461288
2079,363128,0.013895431471133236
116,355181,0.013836999244035007
2700,363322,0.013809160432659166
3289,361827,0.013799399339626539
2820,357889,0.013796007432048781
2224,358480,0.013718552744781601
2275,354453,0.013711515332344867
3127,362486,0.013706865141367392
276,363863,0.01370038501258497
1956,363712,0.013681747605885726
64,356795,0.013658142410139601
2957,358237,0.01364547745982111
942,356629,0.013571432927474357
3836,363583,0.01353873642280196
2698,356221,0.013526384171791066
794,359768,0.013526384171791066
1426,357490,0.013513811579508133
3405,352865,0.013479430248312368
3723,354939,0.013474725277451043
1304,356608,0.013466437261184204
611,353032,0.013450974946614553
2623,355216,0.0134378476672163
40,355197,0.013432866141058031
1856,359848,0.013427025519749728
2743,356179,0.013427025519749728
1740,358828,0.013418786330696895
2353,352465,0.01338490384903044
775,360058,0.013333906546484383
1968,356403,0.013333906546484383
493,364318,0.013249518247214044
1661,354223,0.01323166324980516
1451,356773,0.013178831062190506
697,355436,0.013161713181634836
2866,357441,0.013152966453316336
1440,355091,0.01314657751735008
888,354788,0.013133818246927387
523,358593,0.013120919671585907
2061,357066,0.013103391390475283
3078,360513,0.013092209004589234
245,357297,0.013053865835839142
3647,354958,0.013020410867252688
3226,358836,0.012992071233055406
302,354211,0.012945719377135637
1852,363756,0.01292432284012686
2726,360065,0.012920400872282436
3112,358193,0.012914501043412217
1510,353220,0.012904752615044429
1931,361986,0.012881627887973049
2672,363439,0.012853137198887334
1996,355521,0.012849802687361883
528,364191,0.012821185376278806
3741,354606,0.01281510661279713
1962,358975,0.012791250527679997
2739,355373,0.012786854551628242
3202,364309,0.012731818598899386
3610,364022,0.012700226379662043
1385,358258,0.012692169410467358
960,354446,0.012677997597228331
2641,355773,0.012673645513175624
2045,361577,0.012673233524498097
385,358199,0.012654802826204618
3418,363161,0.012627296666386428
2150,361123,0.012618966151612962
3286,358265,0.012558095671557407
2786,355884,0.012509060091245684
2109,353366,0.012471746888988241
2481,360281,0.01244455002661601
3309,355794,0.012443487152721129
3640,352282,0.012429944603263694
3287,356932,0.012413526478163163
973,353545,0.012331170647664353
2191,360600,0.012302258556788041
1396,353586,0.01226203619782829
375,354928,0.012165119254789337
345,352651,0.012129822692710217
2204,360250,0.012128045270855675
702,363137,0.012060606279828804
3151,364963,0.012057677147310876
2697,354471,0.012054419190716651
1496,354013,0.01205075380591279
3332,362101,0.012036915004451023
2189,352857,0.01199700583828379
3211,355458,0.011993241210019033
2831,354039,0.011974742638981541
1391,363131,0.011957254897440697
2780,364006,0.011953177259020327
2822,364478,0.011917490430521292
2352,353041,0.011868979028054772
32,363442,0.011866081027713254
1877,356248,0.011816921886986331
2916,359784,0.011816921886986331
736,354612,0.011811913472368858
1343,363751,0.011801783298542033
3729,364718,0.011791187201778299
2943,355677,0.011770942808427222
796,357442,0.011749086740217348
3646,353558,0.011674239986259455
2784,352488,0.01166051071251993
2170,363862,0.011648546784395478
3699,361826,0.011633189744085996
2988,355678,0.011621445037365591
2342,363317,0.011594426395652176
2677,363684,0.011593026474159275
3000,352280,0.011563744946656037
1171,359841,0.011559101931300202
2470,356173,0.011559101931300202
1136,359084,0.011518098053836624
3627,359827,0.01148166727593604
864,353396,0.011420610134791679
2065,359636,0.01140642470615862
3404,358742,0.01138389166740692
2717,356941,0.011377786581668409
3777,353247,0.01137387073416788
3197,364480,0.011347965468663925
603,355791,0.011257198990789438
1891,364670,0.011235649247098477
315,358569,0.011219369469984856
532,360998,0.011191510052157285
2577,352888,0.011189762269488226
748,355147,0.011161362815625018
2905,357094,0.011153272411604109
83,355188,0.011075206336370514
327,357064,0.011045366139336406
1603,357455,0.01104060752422871
1909,355546,0.01095404013233346
3302,355917,0.01090934289991522
548,363569,0.010896508373793693
2393,357281,0.01087796273267036
1754,355548,0.010854904634907165
3178,354967,0.010846348475487492
3792,352710,0.010839827811033653
1018,364694,0.010836912944811308
1915,363157,0.01081971857019661
128,361270,0.010816357144353318
1849,359398,0.010764860717917026
1179,357706,0.010748563798495866
1942,354625,0.010721540116879374
492,357866,0.01070800850510921
947,357089,0.01070203113717247
2543,355501,0.010688858225342998
2158,353074,0.010646947183954987
1540,363167,0.010641759999357014
1901,359339,0.01060719879194629
426,353172,0.01058606244217838
197,356784,0.010534389792898946
2451,360249,0.010511116178021787
2827,360406,0.010491048760701106
3058,364722,0.010479966480785242
1597,355386,0.010473845678530337
2937,364251,0.010466477288452923
340,356789,0.010453598074413418
1853,353843,0.010440041550399898
2915,361718,0.010410765236528946
2022,361162,0.010390466889546458
247,360576,0.010346128781666748
608,355388,0.010323491309894536
2409,364012,0.010305652252247681
3759,355748,0.01030301806779512
519,356742,0.010289507641875795
1286,358819,0.010272217072887455
1667,361278,0.01024077929683527
2966,353229,0.010219900217309643
1225,355375,0.010219073778010877
1306,360593,0.01018006504167424
1526,361854,0.01017357283781797
1370,362247,0.01016265836899961
2208,353855,0.010130207197426423
2890,355178,0.010126386187213081
1712,353386,0.010115387399976573
6,364753,0.01009804580384489
3632,364775,0.010091679825502986
1173,362733,0.010073316308932304
3409,357869,0.010059524891734322
2500,361565,0.010035418124203131
3282,360556,0.010026584168852104
2485,354799,0.009982358527439169
2671,361721,0.009945683517397531
3400,364203,0.009875785777816485
2003,355561,0.009854871176452625
2804,361313,0.009849385313514605
186,364686,0.009848733112849567
274,355378,0.009846451101481779
1523,357100,0.00983753925838728
448,364977,0.009835090406311158
80,363261,0.009818975648230737
580,359642,0.009789781085898657
166,356045,0.009789781085898657
3613,355792,0.00975076389221792
1021,352704,0.00971997867381955
682,352685,0.009707993467273131
2165,354668,0.009684686431246342
3482,362872,0.009655148400375001
2542,355183,0.009641669910745896
727,353209,0.009598694717886713
3378,352493,0.009588323251340547
29,357471,0.009575234778648195
2423,363039,0.009558084346631055
3519,352470,0.009556510762827965
2235,353541,0.009526486987123755
1230,355525,0.009502975883818368
949,360516,0.009501424798988129
3115,352316,0.009416802189904335
555,354609,0.009360534222501481
715,357116,0.009315934998317458
1952,361594,0.009297873631110853
2795,362701,0.009273182273755745
50,354007,0.009266934614036555
351,360572,0.009242435379757037
1819,353890,0.009240329243462098
98,356306,0.009157499546290677
2940,363288,0.00914978801903416
3026,356757,0.009146794221934179
3056,362941,0.009125892732675882
2138,365008,0.009118959884040864
2129,355800,0.00909288829197154
2719,363336,0.009078904311065127
1154,362171,0.009054296480674127
454,356316,0.009042181782770041
22,359961,0.009042181782770041
3841,353051,0.009016423875617019
2435,359481,0.009003674545860239
257,360596,0.008979920879755323
2397,364496,0.008976121180643426
521,353549,0.008968857373403473
3315,355395,0.008930094802584556
1551,352691,0.008848716429789804
2047,363695,0.00883232557363838
2893,354855,0.008828393802771103
2265,353383,0.008822381412937745
1848,355402,0.00882234620776007
458,354245,0.008808636314608563
2413,358456,0.00878523959330791
2694,360661,0.0087493380541526
3407,357288,0.008731357828063734
3390,363319,0.008713872791001623
2997,357907,0.008700500934773423
2185,356599,0.008694870531040238
446,353878,0.008598048504343703
3107,363453,0.00856883680251949
2240,360849,0.008563897701773666
2735,361261,0.008507624109995227
2793,358620,0.008490783099898876
2067,361692,0.008482918148676974
1705,358726,0.008468856533607703
2854,357513,0.008468759922400778
977,364176,0.008468286514748551
3207,362470,0.008425274704454195
3658,356953,0.008425146033301271
881,358138,0.008371374447950731
2555,362468,0.008340823164122959
1528,358300,0.008323821916611579
2429,352684,0.008299928448536316
3427,363752,0.008261319191751808
2771,356408,0.008260858774983686
55,360063,0.008260858774983686
2452,364669,0.008228237613151852
1093,357115,0.008219723511320474
1159,357090,0.008195768059657538
3692,359400,0.008187049980319279
1986,360655,0.008173914668153209
1532,363145,0.008133100930272585
2776,358444,0.008104354355183798
136,363763,0.008081465686090921
3785,354430,0.008063673705064353
85,354853,0.008049055501539606
331,357905,0.008037917972288321
1389,353540,0.007963522112695312
594,352858,0.007942962908386402
1089,364693,0.007940132526501012
108,359647,0.00790905495179033
2101,356050,0.00790905495179033
185,357671,0.007894820449594114
2193,365004,0.00786223507411517
1684,357327,0.00784292668994396
3145,362245,0.00784136649551911
1997,359777,0.007838302428309522
1470,354837,0.007764437968571999
2346,353399,0.007747339220393022
1439,364148,0.0077374321834926835
3558,354415,0.007710395420978395
974,363770,0.007708055005537267
3379,356182,0.007706438647955613
3086,359851,0.007706438647955613
335,364201,0.007685424467473837
3111,361847,0.007670091093152823
3498,362929,0.007656744244174164
3433,363121,0.007653372869239162
3365,356911,0.007601943669494768
1955,355146,0.007589112409575993
2180,353825,0.007586364239319019
1392,362154,0.0074954434061220735
1566,354813,0.007453711989441345
1704,357841,0.007448109000060263
2268,356018,0.007422015475474619
939,359610,0.007422015475474619
1064,360583,0.00736504535454276
3081,352301,0.0073485856287330495
3091,358452,0.00707805894769261
2340,352683,0.007057343521874936
2358,354229,0.007030320105930419
1808,364592,0.007025983311093935
2310,355672,0.007025127786777478
1124,360985,0.007019695046399359
1702,364303,0.00701217147447574
2335,354024,0.006995313354626604
1774,353823,0.006993982840422256
91,353868,0.006991171685769182
433,360604,0.006985808565366886
3051,352320,0.006981976657707115
367,354642,0.0069797147665736905
275,357488,0.006976331802633346
258,355202,0.0069387263970209865
3744,362469,0.006926639078315443
1337,358470,0.0069073794031801776
1232,362866,0.006905318419462587
1382,364045,0.00689939500529924
3524,360855,0.006884166552853033
2228,363776,0.006852638078894796
912,355380,0.006848809956319918
2768,354798,0.006843676837293672
1577,359269,0.006805087216110419
170,354261,0.006794335731612823
914,360651,0.006654430359864283
665,356787,0.0066475323360852805
2680,354778,0.00662906269548701
911,354790,0.006557906917733248
1434,357302,0.006485567104154707
2549,357092,0.006483367917940337
3727,359253,0.006474491858510834
3367,356890,0.006444722434512273
1926,362914,0.006429591234105335
1783,355716,0.006358023456618741
59,358227,0.006343014933616591
1816,355737,0.0063409945106629164
2498,358451,0.006339658445897851
3256,364030,0.006327689881710131
0,357307,0.006310830747998805
2825,357484,0.006300528662462546
1086,353579,0.006260588306058279
260,364293,0.006258119780086378
1801,364323,0.006169634264709052
2388,358974,0.006121559590113202
983,354619,0.006076622004611301
382,359371,0.006027294036425423
3300,359132,0.005991445620205969
3245,353178,0.005905536981791423
2932,358600,0.005855305869340126
2041,354944,0.00580280956066806
893,364312,0.005782967739849238
1452,362481,0.005752089639874017
3734,360251,0.005750796826570847
2737,353561,0.005713778298558978
2356,363868,0.005649916880342907
1868,358837,0.0055664390507073926
2764,356774,0.005566317527726659
2752,360592,0.005414578791091684
680,356140,0.005411265079798489
1745,359737,0.005411265079798489
3218,361294,0.0053408404866234285
2135,358462,0.005340815045091547
1736,364023,0.005321644415582437
1282,359658,0.005303397511103296
2652,355812,0.005269046277939757
1341,352291,0.005202480973681749
3459,354576,0.005181847546308679
289,356418,0.0051782433696657875
2156,360074,0.0051782433696657875
168,360011,0.0051173927244316094
2545,364898,0.0051032139433427725
2050,358717,0.005074347231496647
1988,359954,0.00505910408871062
1372,356311,0.00505910408871062
992,362458,0.005046116075681614
2994,352305,0.005039829796559902
103,358172,0.004897822466408427
1673,361302,0.0047621958088284325
2474,363477,0.004704667565047523
3437,358157,0.0046704053398371435
511,355909,0.004637619241151553
1216,356058,0.00461436434403967
674,352254,0.004613113173803842
1472,364702,0.004550207412440007
3648,362860,0.0045257753839159365
2863,356944,0.004450257756907306
673,353047,0.0044348380379449145
2234,353201,0.004411655788632328
1610,362152,0.003995565927772476
3490,358223,0.003980306573492231
3176,353831,0.003907294347365589
700,354854,0.0038994779443554464
2720,361147,0.0037707328459437744
585,358993,0.003704858727757798
1032,361020,0.003588291082502265
259,360387,0.0035670753647493664
1166,357106,0.003523932522285913
2881,359113,0.003501626494815732
617,357294,0.003438084393130305
3311,358431,0.003436521676076371
1404,358960,0.0033796980804964225
638,364692,0.0032446839907219333
945,357233,0.0032345827047682296
3561,357068,0.00321924013418499
2469,364709,0.0031849762055360976
441,361822,0.003180238146252838
1545,355729,0.0031519716039313
2210,361707,0.0029996187910491384
1830,355424,0.0029420141660868363
1423,363580,0.002911945746055012
1977,362952,0.0028708526570555087
270,354663,0.002859040840230442
3517,363696,0.002841130527514779
3735,363038,0.0027497925799653614
2813,356634,0.002746069483937527
2350,360492,0.0025967921661322027
1028,359837,0.002510875147885797
927,356407,0.0025089451985088286
1784,360062,0.0025089451985088286
811,358063,0.002451918438032251
162,363916,0.002449585909024775
3556,361460,0.0024138278001667513
279,363886,0.002404010786549127
3071,355532,0.002388444726900213
479,358472,0.002376413715303939
3636,356070,0.0023228318215770412
2801,360290,0.0023179421661442983
2668,359373,0.002241223819451736
920,364770,0.002131263230321084
3797,358625,0.0021301364941715183
2382,359856,0.0020819021813582466
3184,356186,0.0020819021813582466
3124,353198,0.0020550701047634596
3531,362284,0.0018521037967150337
1994,352476,0.0017093121956353388
3690,357897,0.0016122462318934778
2649,354971,0.0013175169217537197
831,355757,0.0011496438432139489
2773,356420,0.0010394814952599484
2269,360077,0.0010394814952599484
309,356395,0.0010030137706265752
2586,360049,0.0010030137706265752
1846,364464,0.0007333687553039934
288,361848,0.00070803670105553
3146,364976,0.000573964325885773
645,359500,0.0005739176773587006
3104,353054,0.00035096242676086197
1044,355392,0.0003502660807918998
1167,354239,0.00034897622948058295
1861,354633,0.0003482725859278069
624,359652,0.0003470075005386374
2115,356054,0.0003470075005386374
531,364717,0.0003446645242508221
3689,362928,0.0003445038072066702
3607,361432,0.00024508858738571393
970,359244,0.00020280282030800864
3371,359270,8.447912001101343e-06
2609,375436,0.0
2762,371613,0.0
2531,365457,0.0
2559,367364,0.0
2553,369018,0.0
2564,369980,0.0
2412,371961,0.0
2748,371967,0.0
2562,377651,0.0
2749,369585,0.0
2750,358212,0.0
2417,367742,0.0
2524,368429,0.0
2753,375296,0.0
2525,368418,0.0
2526,377205,0.0
2754,367927,0.0
2414,367228,0.0
2527,355404,0.0
2756,378249,0.0
2616,373685,0.0
2528,374622,0.0
2614,374146,0.0
2758,373104,0.0
2529,372341,0.0
2760,372563,0.0
2612,377786,0.0
2611,367899,0.0
2761,375313,0.0
2560,367546,0.0
2613,363036,0.0
2534,378377,0.0
2532,377632,0.0
2591,376920,0.0
2404,355538,0.0
2765,374914,0.0
2403,357262,0.0
2575,371420,0.0
2766,374604,0.0
2767,367336,0.0
2402,377647,0.0
2595,371826,0.0
2401,369959,0.0
2576,356229,0.0
2593,358980,0.0
2590,373378,0.0
2574,367205,0.0
2557,370818,0.0
2400,371617,0.0
2588,371604,0.0
2556,371815,0.0
2546,368269,0.0
2772,375912,0.0
2399,359263,0.0
2547,365208,0.0
2398,372802,0.0
2584,370576,0.0
2552,375299,0.0
2540,372324,0.0
2539,375780,0.0
2565,377490,0.0
2572,376355,0.0
2567,356313,0.0
2568,369795,0.0
2570,369983,0.0
2607,366716,0.0
2410,373218,0.0
2606,368264,0.0
2605,367891,0.0
2581,371598,0.0
2558,360786,0.0
2603,368058,0.0
2775,375147,0.0
2602,372332,0.0
2538,376102,0.0
2396,371092,0.0
2408,373373,0.0
2763,369315,0.0
2406,368676,0.0
2573,378388,0.0
2601,369606,0.0
2600,374824,0.0
2599,356315,0.0
2418,370591,0.0
2536,365384,0.0
2537,374446,0.0
2598,370592,0.0
2426,372252,0.0
2747,377194,0.0
2665,370896,0.0
2676,372896,0.0
2472,373971,0.0
2473,378060,0.0
2674,360235,0.0
2475,370718,0.0
2721,357084,0.0
2673,376638,0.0
2722,376338,0.0
2445,372247,0.0
2670,377796,0.0
2669,374456,0.0
2667,357519,0.0
2666,368267,0.0
2480,360789,0.0
2664,367004,0.0
2682,375171,0.0
2663,370909,0.0
2662,373344,0.0
2483,368091,0.0
2724,371811,0.0
2661,372131,0.0
2660,371404,0.0
2443,378078,0.0
2441,376446,0.0
2659,371265,0.0
2658,373949,0.0
2486,368953,0.0
2727,378187,0.0
2657,370695,0.0
2728,373669,0.0
2678,368260,0.0
2683,373796,0.0
2488,368739,0.0
2711,369793,0.0
2703,371989,0.0
2704,366885,0.0
2705,377504,0.0
2459,377791,0.0
2702,374582,0.0
2461,373182,0.0
2701,375587,0.0
2707,366492,0.0
2708,373214,0.0
2709,367719,0.0
2699,376086,0.0
2710,377898,0.0
2696,366987,0.0
2695,371980,0.0
2693,369329,0.0
2716,368287,0.0
2712,372679,0.0
2692,367023,0.0
2691,375028,0.0
2690,375307,0.0
2689,366095,0.0
2688,371375,0.0
2448,368863,0.0
2713,370157,0.0
2687,367930,0.0
2464,368041,0.0
2686,369877,0.0
2715,367365,0.0
2685,367511,0.0
2467,373991,0.0
2656,365728,0.0
2440,374734,0.0
2522,369807,0.0
2514,373773,0.0
2633,358029,0.0
2508,371082,0.0
2632,367180,0.0
2509,369337,0.0
2630,368437,0.0
2510,368053,0.0
2457,376502,0.0
2425,375778,0.0
2424,377338,0.0
2511,374123,0.0
2512,367391,0.0
2628,378381,0.0
2513,356637,0.0
2422,357567,0.0
2740,373680,0.0
2634,368097,0.0
2741,374779,0.0
2421,372359,0.0
2515,376100,0.0
2516,371408,0.0
2625,378303,0.0
2517,359819,0.0
2420,376877,0.0
2419,371060,0.0
2621,357122,0.0
2520,371415,0.0
2521,358026,0.0
2744,353857,0.0
2745,368987,0.0
2746,369777,0.0
2430,366668,0.0
2507,357300,0.0
2439,360233,0.0
2651,366663,0.0
2489,365447,0.0
2438,361277,0.0
2490,377627,0.0
2437,375369,0.0
2729,364475,0.0
2492,369442,0.0
2730,373424,0.0
2493,370906,0.0
2495,353405,0.0
2654,367925,0.0
2653,377738,0.0
2731,367183,0.0
2496,355911,0.0
2497,372793,0.0
2732,374590,0.0
2506,365295,0.0
2650,366526,0.0
2734,368270,0.0
2434,364286,0.0
2433,368281,0.0
2647,373983,0.0
2646,371610,0.0
2643,372230,0.0
2501,371962,0.0
2639,372264,0.0
2638,370734,0.0
2636,377001,0.0
2432,369300,0.0
2431,375920,0.0
2504,369550,0.0
2561,370924,0.0
3126,370288,0.0
2778,369810,0.0
3491,369978,0.0
3477,370542,0.0
3478,371376,0.0
3479,370158,0.0
3480,366886,0.0
3481,375264,0.0
3483,374078,0.0
3484,366097,0.0
3492,368421,0.0
3475,368731,0.0
3493,374928,0.0
3494,375588,0.0
3495,366850,0.0
3496,367902,0.0
3500,375295,0.0
3501,370577,0.0
3503,372554,0.0
3476,365570,0.0
3474,375303,0.0
3505,358269,0.0
3460,376112,0.0
3447,375037,0.0
3448,367740,0.0
3450,377735,0.0
3451,376350,0.0
3452,376912,0.0
3455,368569,0.0
3456,375922,0.0
3462,376234,0.0
3472,364978,0.0
3464,356033,0.0
3465,366650,0.0
3466,371813,0.0
3467,376993,0.0
3468,373515,0.0
3470,369274,0.0
3471,366124,0.0
3504,368604,0.0
3506,353166,0.0
3443,375896,0.0
3565,370693,0.0
3551,366105,0.0
3552,365408,0.0
3553,369159,0.0
3554,375453,0.0
3559,368238,0.0
3560,371294,0.0
3562,368558,0.0
3566,371780,0.0
3547,356119,0.0
3567,370553,0.0
3568,373974,0.0
3569,367695,0.0
3571,366692,0.0
3576,372875,0.0
3577,362214,0.0
3578,371035,0.0
3550,374755,0.0
3543,371370,0.0
3507,377331,0.0
3522,378071,0.0
3509,367189,0.0
3511,374788,0.0
3515,370098,0.0
3516,371586,0.0
3518,365440,0.0
3520,376333,0.0
3521,374448,0.0
3523,378189,0.0
3539,367565,0.0
3525,374313,0.0
3526,365609,0.0
3529,370181,0.0
3532,366276,0.0
3535,367015,0.0
3537,353075,0.0
3538,366843,0.0
3444,371778,0.0
3441,370584,0.0
3583,369191,0.0
3353,366278,0.0
3344,371774,0.0
3345,376754,0.0
3346,370210,0.0
3349,371643,0.0
3350,375904,0.0
3351,368411,0.0
3352,377958,0.0
3354,365591,0.0
3342,366087,0.0
3355,371819,0.0
3356,367408,0.0
3358,370246,0.0
3359,369987,0.0
3361,367561,0.0
3363,369178,0.0
3364,367173,0.0
3343,367233,0.0
3340,368248,0.0
3368,375760,0.0
3320,372805,0.0
3308,373428,0.0
3310,369938,0.0
3312,359625,0.0
3313,369448,0.0
3317,373822,0.0
3318,369790,0.0
3319,376896,0.0
3322,371629,0.0
3339,368392,0.0
3323,365759,0.0
3324,368988,0.0
3326,378240,0.0
3329,377362,0.0
3334,376489,0.0
3336,368373,0.0
3337,376326,0.0
3366,373963,0.0
3369,356044,0.0
3439,370565,0.0
3419,368838,0.0
3406,368192,0.0
3410,367532,0.0
3412,366092,0.0
3413,366983,0.0
3414,365597,0.0
3416,370280,0.0
3417,377365,0.0
3420,378054,0.0
3402,368413,0.0
3421,371088,0.0
3423,374581,0.0
3424,367699,0.0
3425,377901,0.0
3430,358282,0.0
3431,374739,0.0
3436,376876,0.0
3403,365189,0.0
3401,365599,0.0
3370,373267,0.0
3385,354468,0.0
3372,370567,0.0
3374,372965,0.0
3376,374751,0.0
3377,366505,0.0
3380,353885,0.0
3382,376359,0.0
3383,363480,0.0
3388,366869,0.0
3398,367413,0.0
3391,371094,0.0
3392,374940,0.0
3393,361006,0.0
3394,374607,0.0
3395,373466,0.0
3396,363898,0.0
3397,367754,0.0
3582,373623,0.0
3584,370274,0.0
2779,369034,0.0
3771,359956,0.0
3761,367720,0.0
3762,375625,0.0
3763,368438,0.0
3765,367918,0.0
3766,374119,0.0
3767,361129,0.0
3770,367399,0.0
3773,355679,0.0
3757,368410,0.0
3774,374605,0.0
3775,365199,0.0
3776,375465,0.0
3779,371551,0.0
3780,376892,0.0
3782,368186,0.0
3783,373821,0.0
3760,365443,0.0
3754,373439,0.0
3786,354756,0.0
3737,361269,0.0
3721,371656,0.0
3726,367236,0.0
3728,367573,0.0
3730,375469,0.0
3731,375921,0.0
3732,355527,0.0
3736,368727,0.0
3739,368849,0.0
3753,367928,0.0
3740,371751,0.0
3742,375194,0.0
3746,374447,0.0
3747,368253,0.0
3748,365431,0.0
3751,370272,0.0
3752,368424,0.0
3784,371262,0.0
3787,376081,0.0
3717,370250,0.0
3831,366673,0.0
3821,373453,0.0
3822,377494,0.0
3823,377460,0.0
3824,370267,0.0
3826,376649,0.0
3828,377776,0.0
3830,368700,0.0
3832,357474,0.0
3816,368976,0.0
3834,377924,0.0
3837,369824,0.0
3839,377350,0.0
3840,371595,0.0
3842,357676,0.0
3843,371792,0.0
3847,368710,0.0
3817,376345,0.0
3815,374427,0.0
3789,369969,0.0
3803,361028,0.0
3791,371638,0.0
3793,368218,0.0
3795,369817,0.0
3796,374465,0.0
3798,359608,0.0
3800,365740,0.0
3802,356642,0.0
3804,365608,0.0
3814,361287,0.0
3805,373120,0.0
3806,354423,0.0
3808,360273,0.0
3810,368657,0.0
3811,369613,0.0
3812,374310,0.0
3813,367537,0.0
3720,365267,0.0
3716,369345,0.0
3586,369976,0.0
3633,365784,0.0
3620,354027,0.0
3621,369152,0.0
3623,370381,0.0
3624,363923,0.0
3626,376449,0.0
3628,368266,0.0
3630,372964,0.0
3635,356777,0.0
3617,366523,0.0
3637,369422,0.0
3641,366240,0.0
3642,371074,0.0
3643,355134,0.0
3649,374906,0.0
3651,374773,0.0
3653,353416,0.0
3619,368978,0.0
3616,368265,0.0
3655,376422,0.0
3595,365607,0.0
3587,372128,0.0
3588,375191,0.0
3589,369463,0.0
3591,376094,0.0
3592,369942,0.0
3593,365783,0.0
3594,375903,0.0
3596,374912,0.0
3615,374783,0.0
3597,374931,0.0
3601,376680,0.0
3603,375621,0.0
3604,368590,0.0
3606,376674,0.0
3608,376487,0.0
3609,376046,0.0
3654,371089,0.0
3656,370558,0.0
3715,369638,0.0
3702,356753,0.0
3687,372346,0.0
3688,356771,0.0
3691,369305,0.0
3694,365416,0.0
3696,362925,0.0
3700,367512,0.0
3701,362895,0.0
3703,359488,0.0
3685,372815,0.0
3704,373113,0.0
3705,368252,0.0
3707,368409,0.0
3708,375761,0.0
3711,373102,0.0
3712,372688,0.0
3713,377576,0.0
3686,366058,0.0
3684,378306,0.0
3662,365616,0.0
3673,364996,0.0
3663,368587,0.0
3664,370169,0.0
3665,372259,0.0
3666,376488,0.0
3667,377448,0.0
3669,376670,0.0
3670,370748,0.0
3674,362174,0.0
3683,376328,0.0
3676,366495,0.0
3677,372673,0.0
3678,356960,0.0
3679,373658,0.0
3680,367338,0.0
3681,359960,0.0
3682,371378,0.0
3307,361685,0.0
3306,368230,0.0
3305,371228,0.0
2964,372326,0.0
2953,356057,0.0
2954,374602,0.0
2955,367920,0.0
2956,360260,0.0
2958,372877,0.0
2959,371593,0.0
2961,364048,0.0
2965,375908,0.0
2950,375622,0.0
2967,370103,0.0
2968,368402,0.0
2969,369180,0.0
2971,372103,0.0
2972,367898,0.0
2973,375126,0.0
2974,367735,0.0
2951,365867,0.0
2949,370701,0.0
2977,369174,0.0
2929,371657,0.0
2918,361828,0.0
2919,361306,0.0
2921,369586,0.0
2925,367522,0.0
2926,366974,0.0
2927,373823,0.0
2928,375195,0.0
2931,365747,0.0
2947,371621,0.0
2933,356390,0.0
2936,376120,0.0
2938,373824,0.0
2942,355741,0.0
2944,359223,0.0
2945,368594,0.0
2946,360827,0.0
2976,368677,0.0
2978,368012,0.0
2914,368433,0.0
3027,369549,0.0
3015,372102,0.0
3016,372249,0.0
3017,354796,0.0
3019,366665,0.0
3022,372895,0.0
3023,368403,0.0
3024,367214,0.0
3028,361556,0.0
3010,362477,0.0
3030,375857,0.0
3031,374905,0.0
3033,369006,0.0
3034,367192,0.0
3035,368839,0.0
3036,365462,0.0
3037,375318,0.0
3012,371097,0.0
3008,368240,0.0
2979,374576,0.0
2990,367220,0.0
2980,373953,0.0
2981,369308,0.0
2983,370209,0.0
2984,365187,0.0
2986,378414,0.0
2987,377807,0.0
2989,370147,0.0
2991,374558,0.0
3005,376191,0.0
2992,375294,0.0
2993,370270,0.0
2995,372557,0.0
2996,372133,0.0
2998,358256,0.0
3003,372110,0.0
3004,373472,0.0
2917,375599,0.0
2913,366804,0.0
3304,366844,0.0
2839,372107,0.0
2818,378409,0.0
2823,369470,0.0
2824,367551,0.0
2828,365900,0.0
2829,365776,0.0
2830,372085,0.0
2832,377766,0.0
2841,372282,0.0
2816,371584,0.0
2842,376865,0.0
2843,367536,0.0
2844,363154,0.0
2845,365314,0.0
2847,375285,0.0
2848,374556,0.0
2850,373480,0.0
2817,361234,0.0
2814,375918,0.0
2852,365602,0.0
2794,365126,0.0
2781,378384,0.0
2782,354850,0.0
2785,368718,0.0
2787,374764,0.0
2789,374432,0.0
2790,365191,0.0
2792,377779,0.0
2796,368196,0.0
2812,372556,0.0
2798,376477,0.0
2802,378101,0.0
2803,369450,0.0
2805,376116,0.0
2806,371772,0.0
2809,366078,0.0
2810,369631,0.0
2851,377931,0.0
2853,367495,0.0
2912,369588,0.0
2899,369476,0.0
2882,371105,0.0
2883,377618,0.0
2884,366100,0.0
2885,370929,0.0
2888,376233,0.0
2891,367400,0.0
2894,367910,0.0
2900,376243,0.0
2879,367566,0.0
2902,376486,0.0
2903,366101,0.0
2906,373928,0.0
2907,368256,0.0
2909,359782,0.0
2910,373447,0.0
2911,366860,0.0
2880,366263,0.0
2878,366098,0.0
2855,368289,0.0
2865,366107,0.0
2856,370249,0.0
2857,366870,0.0
2858,373445,0.0
2859,365437,0.0
2860,374139,0.0
2861,367384,0.0
2864,371255,0.0
2867,364167,0.0
2877,365594,0.0
2868,357067,0.0
2869,370545,0.0
2870,372534,0.0
2872,368973,0.0
2873,372125,0.0
2875,371597,0.0
2876,373106,0.0
3038,375781,0.0
3039,376878,0.0
3040,360810,0.0
3221,370910,0.0
3208,356189,0.0
3209,376832,0.0
3210,367753,0.0
3213,367711,0.0
3214,370573,0.0
3216,378083,0.0
3219,373984,0.0
3222,368720,0.0
3204,370257,0.0
3223,369004,0.0
3224,373258,0.0
3225,372331,0.0
3231,369804,0.0
3236,365167,0.0
3237,372323,0.0
3238,375924,0.0
3206,371281,0.0
3203,369487,0.0
3241,374455,0.0
3181,373371,0.0
3166,370891,0.0
3167,368559,0.0
3168,367879,0.0
3171,371079,0.0
3172,372096,0.0
3175,376504,0.0
3180,373469,0.0
3185,376512,0.0
3201,377183,0.0
3186,369805,0.0
3187,372241,0.0
3188,375048,0.0
3191,371387,0.0
3194,375452,0.0
3196,370164,0.0
3198,374927,0.0
3240,376323,0.0
3242,376888,0.0
3041,377471,0.0
3292,375594,0.0
3278,373380,0.0
3279,373248,0.0
3280,369605,0.0
3281,369151,0.0
3283,368750,0.0
3288,375454,0.0
3290,369788,0.0
3293,358438,0.0
3272,366986,0.0
3294,368290,0.0
3295,358206,0.0
3296,375284,0.0
3297,365324,0.0
3298,370251,0.0
3299,366865,0.0
3301,377713,0.0
3275,370552,0.0
3270,367887,0.0
3243,372769,0.0
3252,374259,0.0
3244,374316,0.0
3246,374603,0.0
3247,367363,0.0
3248,375321,0.0
3249,376839,0.0
3250,367926,0.0
3251,370188,0.0
3257,369017,0.0
3269,362724,0.0
3258,372226,0.0
3259,366994,0.0
3261,376096,0.0
3262,367215,0.0
3263,370885,0.0
3267,367553,0.0
3268,352520,0.0
3165,377638,0.0
3164,372711,0.0
3162,362824,0.0
3087,355745,0.0
3076,372232,0.0
3077,375040,0.0
3079,365168,0.0
3080,363315,0.0
3082,366205,0.0
3083,353030,0.0
3085,376886,0.0
3088,367613,0.0
3074,366706,0.0
3092,372340,0.0
3093,366509,0.0
3094,367571,0.0
3096,378396,0.0
3097,371084,0.0
3098,372902,0.0
3099,365534,0.0
3075,367886,0.0
3073,368061,0.0
3161,358709,0.0
3055,367908,0.0
3042,371362,0.0
3043,365434,0.0
3047,373468,0.0
3049,372736,0.0
3050,376454,0.0
3052,368415,0.0
3053,367005,0.0
3059,374289,0.0
3072,374787,0.0
3060,373681,0.0
3061,373653,0.0
3062,371788,0.0
3064,378419,0.0
3066,368864,0.0
3068,368600,0.0
3070,367884,0.0
3100,378251,0.0
3101,369599,0.0
3103,378405,0.0
3148,366930,0.0
3139,377629,0.0
3140,365751,0.0
3141,373123,0.0
3142,372743,0.0
3143,367932,0.0
3144,367540,0.0
3147,374327,0.0
3150,368432,0.0
3105,375301,0.0
3152,369798,0.0
3153,366871,0.0
3154,366515,0.0
3155,369546,0.0
3156,375473,0.0
3158,375310,0.0
3159,366066,0.0
3137,374296,0.0
3136,373965,0.0
3134,373827,0.0
3132,375166,0.0
3106,354847,0.0
3108,370737,0.0
3110,376083,0.0
3113,372898,0.0
3114,361855,0.0
3116,360043,0.0
3117,373816,0.0
3121,368222,0.0
3122,365442,0.0
3125,371065,0.0
2391,361715,0.0
3128,368085,0.0
3129,368425,0.0
3130,371633,0.0
3131,368834,0.0
2392,378237,0.0
1925,375312,0.0
2390,363152,0.0
786,371411,0.0
788,369784,0.0
789,366108,0.0
792,372136,0.0
795,370538,0.0
800,367688,0.0
801,375293,0.0
802,376889,0.0
803,368416,0.0
804,370187,0.0
806,367334,0.0
807,372683,0.0
808,373683,0.0
810,371642,0.0
813,375297,0.0
815,361589,0.0
816,371609,0.0
818,376646,0.0
819,370125,0.0
820,365197,0.0
787,366693,0.0
785,370287,0.0
822,366674,0.0
784,375210,0.0
746,367733,0.0
747,360037,0.0
749,375442,0.0
753,366888,0.0
757,373461,0.0
758,365735,0.0
759,370569,0.0
761,374315,0.0
762,374920,0.0
763,352866,0.0
765,367191,0.0
766,375049,0.0
772,377455,0.0
776,375784,0.0
777,365313,0.0
778,373091,0.0
780,374113,0.0
782,368734,0.0
783,365420,0.0
821,372255,0.0
823,352472,0.0
587,361839,0.0
856,367523,0.0
858,368733,0.0
859,376657,0.0
860,356968,0.0
861,366954,0.0
862,360088,0.0
867,361001,0.0
869,372251,0.0
871,365269,0.0
872,369814,0.0
875,368675,0.0
876,372888,0.0
878,377783,0.0
880,366490,0.0
882,361446,0.0
883,377797,0.0
884,369015,0.0
885,374784,0.0
887,369279,0.0
889,367743,0.0
857,365761,0.0
854,371605,0.0
824,375457,0.0
852,364706,0.0
825,374292,0.0
827,374330,0.0
830,378426,0.0
832,366853,0.0
833,366498,0.0
835,368246,0.0
836,365460,0.0
837,367218,0.0
838,369625,0.0
840,372090,0.0
841,366273,0.0
842,368974,0.0
844,367724,0.0
845,371618,0.0
847,370382,0.0
848,375615,0.0
849,372796,0.0
850,367847,0.0
851,365415,0.0
745,365246,0.0
744,375696,0.0
740,373452,0.0
623,377652,0.0
626,365768,0.0
628,369989,0.0
630,367534,0.0
632,366863,0.0
634,373210,0.0
636,376914,0.0
637,374462,0.0
639,370268,0.0
641,366889,0.0
643,374770,0.0
644,367388,0.0
646,365180,0.0
649,362227,0.0
652,365409,0.0
654,368681,0.0
656,375911,0.0
657,367401,0.0
658,365270,0.0
659,373835,0.0
625,367906,0.0
622,368382,0.0
738,357701,0.0
620,367010,0.0
592,366649,0.0
593,367549,0.0
595,365310,0.0
596,357848,0.0
597,373253,0.0
598,367513,0.0
600,369462,0.0
601,371786,0.0
602,370212,0.0
604,367713,0.0
605,366126,0.0
610,370152,0.0
612,376493,0.0
613,357237,0.0
614,369629,0.0
615,369996,0.0
616,376108,0.0
618,368565,0.0
619,374732,0.0
660,370167,0.0
661,378397,0.0
664,375602,0.0
666,365461,0.0
701,361286,0.0
704,371971,0.0
706,372810,0.0
708,375060,0.0
709,376093,0.0
710,367185,0.0
711,365589,0.0
713,359362,0.0
718,372512,0.0
720,373992,0.0
721,377624,0.0
724,378186,0.0
725,366845,0.0
726,374919,0.0
728,367409,0.0
730,372692,0.0
731,370902,0.0
732,371250,0.0
737,373105,0.0
699,374126,0.0
698,373460,0.0
696,360288,0.0
681,371589,0.0
667,377303,0.0
670,366059,0.0
671,370900,0.0
672,367633,0.0
675,367372,0.0
676,367874,0.0
677,377792,0.0
678,358033,0.0
683,362871,0.0
695,374140,0.0
684,365734,0.0
686,369012,0.0
689,371970,0.0
690,358144,0.0
691,367550,0.0
692,366502,0.0
693,368380,0.0
694,365769,0.0
892,357458,0.0
894,368858,0.0
895,374758,0.0
1096,369294,0.0
1099,365889,0.0
1100,377203,0.0
1101,363138,0.0
1102,367744,0.0
1103,377777,0.0
1104,371267,0.0
1106,367894,0.0
1107,365322,0.0
1108,366265,0.0
1109,373243,0.0
1110,371571,0.0
1112,374134,0.0
1116,376897,0.0
1117,370523,0.0
1118,365910,0.0
1119,357489,0.0
1120,367019,0.0
1121,369014,0.0
1123,358030,0.0
1098,372657,0.0
1095,368389,0.0
1065,366207,0.0
1094,366683,0.0
1067,358054,0.0
1068,365569,0.0
1069,366872,0.0
1070,367885,0.0
1072,376885,0.0
1073,365863,0.0
1074,368930,0.0
1076,372701,0.0
1077,377361,0.0
1078,365756,0.0
1079,366688,0.0
1080,375610,0.0
1081,365621,0.0
1082,369430,0.0
1083,378103,0.0
1087,378395,0.0
1088,373896,0.0
1090,364624,0.0
1091,376911,0.0
1125,371292,0.0
1126,375889,0.0
1127,377774,0.0
1128,366090,0.0
1170,372570,0.0
1174,373369,0.0
1175,373442,0.0
1176,368258,0.0
1177,376873,0.0
1178,363304,0.0
1180,368582,0.0
1181,375471,0.0
1184,366519,0.0
1185,365753,0.0
1186,365387,0.0
1187,374620,0.0
1188,367222,0.0
1190,372310,0.0
1193,359506,0.0
1195,377157,0.0
1197,373932,0.0
1198,356314,0.0
1199,378401,0.0
1169,367892,0.0
1168,372704,0.0
1163,374757,0.0
1143,372770,0.0
1131,357502,0.0
1133,366831,0.0
1135,365733,0.0
1137,377320,0.0
1138,368602,0.0
1139,376658,0.0
1140,369302,0.0
1141,371076,0.0
1145,371360,0.0
1162,353388,0.0
1150,365904,0.0
1151,372782,0.0
1152,372222,0.0
1153,376091,0.0
1155,369460,0.0
1156,365407,0.0
1158,370731,0.0
1161,366709,0.0
1066,372765,0.0
1062,375913,0.0
896,376242,0.0
936,369465,0.0
941,361450,0.0
943,372689,0.0
944,374939,0.0
946,366662,0.0
948,367392,0.0
953,371655,0.0
954,377639,0.0
955,375601,0.0
956,371636,0.0
958,365383,0.0
963,376906,0.0
965,376123,0.0
966,373958,0.0
967,371393,0.0
968,374913,0.0
969,366689,0.0
971,364200,0.0
972,364289,0.0
976,365888,0.0
940,352686,0.0
935,365195,0.0
1061,365429,0.0
932,372231,0.0
897,371417,0.0
898,371047,0.0
899,372569,0.0
901,371771,0.0
902,354630,0.0
903,368518,0.0
904,365272,0.0
906,365206,0.0
909,367577,0.0
910,365432,0.0
913,369176,0.0
917,371264,0.0
918,371254,0.0
919,374754,0.0
921,369982,0.0
922,358071,0.0
924,373467,0.0
928,372309,0.0
930,358207,0.0
978,378403,0.0
984,369815,0.0
987,371832,0.0
989,370155,0.0
1023,356763,0.0
1025,377333,0.0
1026,362242,0.0
1027,357677,0.0
1029,376226,0.0
1031,369818,0.0
1033,359863,0.0
1034,368680,0.0
1036,371270,0.0
1038,374426,0.0
1042,374918,0.0
1043,372806,0.0
1045,373384,0.0
1049,372109,0.0
1054,366524,0.0
1055,368658,0.0
1056,360558,0.0
1057,364666,0.0
1060,368728,0.0
1020,373814,0.0
1017,358849,0.0
1015,370134,0.0
1001,375463,0.0
990,373245,0.0
991,368573,0.0
995,364601,0.0
996,378223,0.0
997,371625,0.0
998,370370,0.0
999,367201,0.0
1000,378094,0.0
1003,356884,0.0
1014,374419,0.0
1004,374630,0.0
1005,378239,0.0
1006,369192,0.0
1008,375478,0.0
1009,376980,0.0
1010,378027,0.0
1011,376348,0.0
1013,368214,0.0
590,369594,0.0
586,376781,0.0
1204,377767,0.0
178,366823,0.0
181,366696,0.0
184,366624,0.0
187,375306,0.0
188,377933,0.0
191,368901,0.0
192,373256,0.0
193,370153,0.0
194,371749,0.0
196,370243,0.0
200,369808,0.0
203,369145,0.0
204,368524,0.0
206,367543,0.0
207,375035,0.0
208,367691,0.0
209,367217,0.0
211,359340,0.0
212,370161,0.0
213,365578,0.0
179,357507,0.0
176,353861,0.0
217,367418,0.0
175,359775,0.0
144,372124,0.0
148,376098,0.0
149,357069,0.0
150,366687,0.0
151,374428,0.0
152,368724,0.0
153,367897,0.0
154,365876,0.0
155,378410,0.0
157,354842,0.0
158,352876,0.0
160,376490,0.0
161,367421,0.0
163,372347,0.0
165,368577,0.0
167,371280,0.0
169,371626,0.0
173,376073,0.0
174,375311,0.0
216,374575,0.0
218,372812,0.0
584,367341,0.0
255,365750,0.0
263,373254,0.0
264,361133,0.0
266,374929,0.0
267,373237,0.0
268,358178,0.0
269,376890,0.0
271,377801,0.0
272,367574,0.0
278,367422,0.0
280,375931,0.0
282,367170,0.0
284,364302,0.0
285,374464,0.0
287,363289,0.0
290,373804,0.0
294,377954,0.0
295,367370,0.0
296,369395,0.0
297,375995,0.0
262,366062,0.0
254,372959,0.0
219,374463,0.0
253,370918,0.0
223,365617,0.0
224,378407,0.0
227,373444,0.0
228,369593,0.0
231,369464,0.0
235,372794,0.0
236,377432,0.0
237,371421,0.0
238,375460,0.0
239,374577,0.0
240,374600,0.0
242,377808,0.0
244,369186,0.0
246,370276,0.0
248,365579,0.0
249,370256,0.0
250,365349,0.0
251,369617,0.0
252,367888,0.0
142,366252,0.0
141,365467,0.0
140,374936,0.0
31,371557,0.0
34,356228,0.0
35,366990,0.0
36,353518,0.0
37,366992,0.0
38,366277,0.0
39,370571,0.0
41,370278,0.0
42,376567,0.0
43,368268,0.0
44,368570,0.0
45,371768,0.0
46,369612,0.0
47,353241,0.0
51,376117,0.0
52,367018,0.0
53,370240,0.0
56,367684,0.0
60,366963,0.0
62,367535,0.0
33,367901,0.0
30,373249,0.0
139,376304,0.0
28,369001,0.0
2,373644,0.0
7,365254,0.0
8,375177,0.0
10,362463,0.0
11,371048,0.0
12,368703,0.0
13,376496,0.0
14,369160,0.0
15,373250,0.0
17,377450,0.0
18,377489,0.0
19,369183,0.0
20,375786,0.0
21,367385,0.0
23,372097,0.0
24,374437,0.0
25,372786,0.0
26,373652,0.0
27,368288,0.0
66,371637,0.0
68,369164,0.0
71,372305,0.0
72,365739,0.0
114,370248,0.0
115,369444,0.0
117,367216,0.0
118,375775,0.0
119,378068,0.0
120,358331,0.0
121,356245,0.0
122,367533,0.0
123,374525,0.0
124,367893,0.0
125,376644,0.0
127,376785,0.0
129,376080,0.0
130,368682,0.0
131,369990,0.0
132,355775,0.0
134,364253,0.0
135,375891,0.0
137,377761,0.0
112,371639,0.0
111,372795,0.0
109,372343,0.0
88,371279,0.0
73,370233,0.0
74,371793,0.0
78,358216,0.0
79,367366,0.0
81,378018,0.0
84,360842,0.0
86,357485,0.0
87,376503,0.0
93,361003,0.0
107,365595,0.0
94,373477,0.0
95,376103,0.0
97,374318,0.0
99,360401,0.0
101,365325,0.0
102,367417,0.0
105,368580,0.0
106,366708,0.0
298,372636,0.0
303,374429,0.0
304,368544,0.0
476,365262,0.0
481,373238,0.0
482,363909,0.0
483,376811,0.0
484,373654,0.0
488,371801,0.0
489,357715,0.0
490,365320,0.0
491,376995,0.0
494,370886,0.0
495,370899,0.0
496,376986,0.0
497,368560,0.0
498,373813,0.0
501,369968,0.0
502,371300,0.0
503,373950,0.0
504,372907,0.0
505,371825,0.0
506,370142,0.0
478,370220,0.0
475,371926,0.0
435,371773,0.0
473,377196,0.0
439,376919,0.0
443,369177,0.0
450,373121,0.0
451,355179,0.0
452,366104,0.0
453,376684,0.0
456,359639,0.0
457,369876,0.0
459,377775,0.0
460,377464,0.0
461,377202,0.0
462,364038,0.0
464,372130,0.0
466,370913,0.0
467,364278,0.0
468,374328,0.0
469,368043,0.0
470,378102,0.0
472,370005,0.0
508,372558,0.0
510,366094,0.0
512,370582,0.0
513,374554,0.0
556,368993,0.0
557,368051,0.0
559,370560,0.0
562,368083,0.0
563,378380,0.0
564,365186,0.0
565,369126,0.0
566,372357,0.0
567,358834,0.0
568,375474,0.0
569,374452,0.0
570,376901,0.0
571,356246,0.0
573,366697,0.0
574,366881,0.0
575,367731,0.0
576,365166,0.0
579,377952,0.0
581,369991,0.0
553,355822,0.0
552,367355,0.0
551,371299,0.0
534,369325,0.0
515,377037,0.0
516,357478,0.0
518,376349,0.0
520,365247,0.0
524,374434,0.0
525,376668,0.0
527,375618,0.0
533,360820,0.0
535,378049,0.0
549,375437,0.0
537,371286,0.0
539,372962,0.0
540,368998,0.0
542,377467,0.0
543,371601,0.0
545,364735,0.0
546,367178,0.0
547,371407,0.0
437,366821,0.0
434,372678,0.0
305,369619,0.0
337,373805,0.0
339,368990,0.0
342,377610,0.0
343,376640,0.0
344,376215,0.0
347,375567,0.0
349,362226,0.0
350,378082,0.0
352,369323,0.0
353,373235,0.0
354,375292,0.0
355,368098,0.0
356,361576,0.0
357,366676,0.0
358,365251,0.0
359,356214,0.0
360,375409,0.0
361,356017,0.0
362,365326,0.0
365,377604,0.0
338,373825,0.0
336,377798,0.0
431,368422,0.0
334,369945,0.0
306,369455,0.0
307,378106,0.0
308,366077,0.0
310,368742,0.0
311,367726,0.0
314,369816,0.0
316,373405,0.0
317,370724,0.0
318,358040,0.0
321,372901,0.0
322,373383,0.0
323,371622,0.0
324,365771,0.0
325,377454,0.0
326,377351,0.0
329,372803,0.0
330,362823,0.0
332,369344,0.0
333,365908,0.0
366,366516,0.0
368,366717,0.0
369,370834,0.0
371,366707,0.0
405,355762,0.0
406,374098,0.0
407,367003,0.0
408,369187,0.0
409,354448,0.0
410,375315,0.0
412,370380,0.0
413,370266,0.0
414,367518,0.0
416,369472,0.0
417,366125,0.0
418,371405,0.0
420,372540,0.0
421,376216,0.0
422,370733,0.0
425,366082,0.0
428,369299,0.0
429,376235,0.0
430,366666,0.0
403,372702,0.0
402,358482,0.0
401,371969,0.0
384,374116,0.0
373,378404,0.0
376,367398,0.0
377,371289,0.0
378,371058,0.0
379,372843,0.0
380,375901,0.0
381,365618,0.0
383,368745,0.0
386,367552,0.0
400,361706,0.0
387,356588,0.0
391,370551,0.0
392,368414,0.0
393,367389,0.0
394,366859,0.0
396,367410,0.0
397,366598,0.0
399,366121,0.0
1200,371550,0.0
1205,373111,0.0
2389,369146,0.0
1987,368723,0.0
1990,367378,0.0
1991,366654,0.0
1992,376825,0.0
1993,365207,0.0
1998,373213,0.0
1999,374908,0.0
2000,360610,0.0
2001,356950,0.0
2004,367556,0.0
2005,366993,0.0
2006,370578,0.0
2007,375932,0.0
2009,370880,0.0
2011,365163,0.0
2012,371072,0.0
2013,370165,0.0
2014,367709,0.0
2018,376905,0.0
2019,364299,0.0
1989,376904,0.0
1985,369486,0.0
2023,376882,0.0
1984,371810,0.0
1945,370703,0.0
1949,366682,0.0
1950,373475,0.0
1953,372533,0.0
1954,368234,0.0
1957,366631,0.0
1960,375605,0.0
1961,375609,0.0
1966,373684,0.0
1967,376335,0.0
1969,368286,0.0
1970,376339,0.0
1971,365436,0.0
1974,366491,0.0
1979,370221,0.0
1980,372112,0.0
1981,366064,0.0
1982,373967,0.0
1983,375751,0.0
2021,376999,0.0
2025,357817,0.0
1791,371062,0.0
2058,373217,0.0
2062,369153,0.0
2063,374500,0.0
2064,361433,0.0
2066,373473,0.0
2071,366957,0.0
2072,376932,0.0
2073,370518,0.0
2075,371990,0.0
2077,365890,0.0
2078,353243,0.0
2080,369021,0.0
2081,360812,0.0
2082,355215,0.0
2083,357628,0.0
2084,377927,0.0
2085,373070,0.0
2088,358731,0.0
2089,356405,0.0
2090,370709,0.0
2060,375791,0.0
2057,368550,0.0
2028,372263,0.0
2056,365249,0.0
2030,377640,0.0
2031,366855,0.0
2032,367730,0.0
2033,375858,0.0
2034,377498,0.0
2035,371369,0.0
2036,370286,0.0
2039,365884,0.0
2040,358048,0.0
2042,371291,0.0
2043,360529,0.0
2044,369473,0.0
2048,361976,0.0
2049,367723,0.0
2051,377449,0.0
2052,359393,0.0
2053,375792,0.0
2054,369421,0.0
2055,372787,0.0
1944,370223,0.0
1943,368673,0.0
1941,374741,0.0
1829,367380,0.0
1833,372804,0.0
1835,376476,0.0
1837,365244,0.0
1839,369474,0.0
1840,374131,0.0
1842,371069,0.0
1843,370539,0.0
1845,376881,0.0
1847,368401,0.0
1850,370219,0.0
1854,369024,0.0
1855,367562,0.0
1857,369965,0.0
1858,374303,0.0
1859,365558,0.0
1862,369328,0.0
1863,369986,0.0
1864,375203,0.0
1869,352692,0.0
1831,352312,0.0
1828,368167,0.0
1939,368259,0.0
1827,366982,0.0
1793,362947,0.0
1794,358601,0.0
1796,371620,0.0
1797,352484,0.0
1798,372781,0.0
1799,366680,0.0
1800,357858,0.0
1802,377778,0.0
1803,355772,0.0
1804,367198,0.0
1805,352680,0.0
1807,374632,0.0
1809,357303,0.0
1810,357874,0.0
1811,365588,0.0
1813,373964,0.0
1815,365875,0.0
1818,373271,0.0
1821,357468,0.0
1870,367016,0.0
1871,369306,0.0
1872,354440,0.0
1874,367524,0.0
1913,364729,0.0
1914,370230,0.0
1917,377356,0.0
1918,373124,0.0
1919,358740,0.0
1920,373109,0.0
1921,377459,0.0
1923,375919,0.0
1924,371260,0.0
1,376329,0.0
1927,373252,0.0
1928,374593,0.0
1930,368701,0.0
1932,367648,0.0
1934,357861,0.0
1935,365430,0.0
1936,369468,0.0
1937,374610,0.0
1938,369944,0.0
1912,365731,0.0
1911,365587,0.0
1910,377962,0.0
1893,365271,0.0
1875,371288,0.0
1876,377349,0.0
1878,357318,0.0
1882,373670,0.0
1883,377457,0.0
1888,378245,0.0
1890,355545,0.0
1892,374731,0.0
1894,355171,0.0
1908,373931,0.0
1896,367704,0.0
1897,369336,0.0
1898,373391,0.0
1899,375450,0.0
1900,373275,0.0
1905,370547,0.0
1906,367234,0.0
1907,367703,0.0
2091,371083,0.0
2092,374777,0.0
2093,355522,0.0
2273,369970,0.0
2278,374329,0.0
2279,374915,0.0
2281,366678,0.0
2283,378406,0.0
2284,354402,0.0
2285,372887,0.0
2286,366684,0.0
2287,378067,0.0
2291,356075,0.0
2293,370255,0.0
2294,367017,0.0
2295,369429,0.0
2296,368825,0.0
2299,366691,0.0
2300,357658,0.0
2303,374425,0.0
2308,375304,0.0
2309,368187,0.0
2311,378379,0.0
2274,366257,0.0
2272,376867,0.0
2236,366109,0.0
2271,365253,0.0
2238,366504,0.0
2239,377482,0.0
2241,372546,0.0
2242,361021,0.0
2245,369313,0.0
2246,357216,0.0
2247,376894,0.0
2248,375916,0.0
2249,369993,0.0
2250,361010,0.0
2251,371068,0.0
2253,368588,0.0
2254,375909,0.0
2256,369303,0.0
2257,366088,0.0
2259,367007,0.0
2264,367590,0.0
2266,367922,0.0
2270,366239,0.0
2312,372320,0.0
2313,354061,0.0
2314,365582,0.0
2316,375174,0.0
2351,367844,0.0
2355,368291,0.0
2359,375754,0.0
2361,356734,0.0
2362,372882,0.0
2363,366202,0.0
2365,367877,0.0
2366,369478,0.0
2367,365732,0.0
2368,366116,0.0
2370,376879,0.0
2374,370282,0.0
2376,358211,0.0
2378,375562,0.0
2381,369794,0.0
2384,375910,0.0
2385,372137,0.0
2386,372904,0.0
2387,366250,0.0
2349,367394,0.0
2347,369956,0.0
2345,359121,0.0
2329,372351,0.0
2317,371283,0.0
2321,374713,0.0
2322,366973,0.0
2323,370749,0.0
2325,372164,0.0
2326,354643,0.0
2327,371649,0.0
2328,359657,0.0
2330,369321,0.0
2344,365565,0.0
2332,371078,0.0
2333,366002,0.0
2334,363032,0.0
2336,368970,0.0
2337,377360,0.0
2339,371960,0.0
2341,368071,0.0
2343,359680,0.0
2237,359731,0.0
2232,370926,0.0
2094,372891,0.0
2127,367557,0.0
2130,369542,0.0
2131,365782,0.0
2133,370140,0.0
2134,367568,0.0
2136,369962,0.0
2139,367589,0.0
2140,371781,0.0
2141,372541,0.0
2142,370260,0.0
2143,371829,0.0
2144,367548,0.0
2145,373673,0.0
2146,376511,0.0
2151,367591,0.0
2155,370931,0.0
2157,366962,0.0
2159,366700,0.0
2160,370579,0.0
2161,374738,0.0
2128,361710,0.0
2126,377428,0.0
2231,370570,0.0
2125,371293,0.0
2095,372767,0.0
2096,372329,0.0
2097,371983,0.0
2098,357692,0.0
2099,353404,0.0
2100,377371,0.0
2102,372345,0.0
2103,369597,0.0
2104,367223,0.0
2107,353560,0.0
2111,373435,0.0
2112,368996,0.0
2116,366672,0.0
2117,376810,0.0
2118,371295,0.0
2119,378427,0.0
2121,378231,0.0
2122,372788,0.0
2123,376500,0.0
2162,377372,0.0
2164,368406,0.0
2167,374293,0.0
2168,368404,0.0
2201,367221,0.0
2202,366247,0.0
2205,372339,0.0
2207,367302,0.0
2209,367232,0.0
2211,368835,0.0
2212,356924,0.0
2213,370925,0.0
2214,372792,0.0
2216,364008,0.0
2217,371091,0.0
2218,361308,0.0
2220,364672,0.0
2221,357290,0.0
2222,373260,0.0
2223,374125,0.0
2225,369957,0.0
2227,365800,0.0
2230,365885,0.0
2200,371614,0.0
2199,359774,0.0
2197,374926,0.0
2182,354212,0.0
2169,371363,0.0
2172,374615,0.0
2173,368568,0.0
2175,377478,0.0
2176,359759,0.0
2178,366873,0.0
2179,357499,0.0
2181,367390,0.0
2183,367393,0.0
2196,366976,0.0
2184,368850,0.0
2186,377615,0.0
2187,377784,0.0
2188,370588,0.0
2190,377186,0.0
2192,370580,0.0
2194,371984,0.0
2195,371992,0.0
1792,376227,0.0
1790,372328,0.0
1207,369193,0.0
1380,377476,0.0
1386,376618,0.0
1393,365265,0.0
1395,373987,0.0
1397,366953,0.0
1398,372879,0.0
1400,367379,0.0
1401,353415,0.0
1402,358733,0.0
1403,366089,0.0
1406,366243,0.0
1408,377451,0.0
1409,367851,0.0
1412,377213,0.0
1413,366975,0.0
1414,368212,0.0
1415,358835,0.0
1416,365413,0.0
1417,377353,0.0
1418,376495,0.0
1381,367279,0.0
1378,367174,0.0
1420,367929,0.0
1377,374904,0.0
1349,369904,0.0
1350,375178,0.0
1351,376232,0.0
1353,376909,0.0
1356,375557,0.0
1357,368547,0.0
1358,372248,0.0
1359,370919,0.0
1360,371106,0.0
1362,371271,0.0
1363,370697,0.0
1365,369949,0.0
1366,374402,0.0
1367,377364,0.0
1368,367558,0.0
1369,370736,0.0
1374,373972,0.0
1375,372874,0.0
1376,366960,0.0
1419,371930,0.0
1421,371797,0.0
1789,377607,0.0
1459,376861,0.0
1461,367588,0.0
1463,371978,0.0
1464,371401,0.0
1465,367900,0.0
1466,370232,0.0
1468,371066,0.0
1469,370561,0.0
1473,371588,0.0
1474,365892,0.0
1475,369961,0.0
1476,377642,0.0
1477,373088,0.0
1478,369252,0.0
1479,377358,0.0
1480,377922,0.0
1482,368578,0.0
1483,367727,0.0
1484,378428,0.0
1485,376900,0.0
1460,353205,0.0
1457,361284,0.0
1422,368853,0.0
1456,373966,0.0
1425,363476,0.0
1427,367559,0.0
1428,368832,0.0
1429,367692,0.0
1431,368585,0.0
1435,366928,0.0
1436,370144,0.0
1438,366977,0.0
1442,368077,0.0
1443,359260,0.0
1444,373650,0.0
1446,354442,0.0
1447,378391,0.0
1448,367564,0.0
1449,376358,0.0
1450,365445,0.0
1453,374765,0.0
1454,376667,0.0
1455,368405,0.0
1348,354828,0.0
1347,353568,0.0
1346,368729,0.0
1246,357321,0.0
1248,368601,0.0
1250,358841,0.0
1251,372129,0.0
1252,369005,0.0
1253,354942,0.0
1254,355434,0.0
1256,369022,0.0
1257,371627,0.0
1259,367846,0.0
1260,356384,0.0
1261,378075,0.0
1262,370907,0.0
1264,374302,0.0
1265,378229,0.0
1267,373996,0.0
1268,374114,0.0
1269,369971,0.0
1270,367914,0.0
1271,377480,0.0
1247,369431,0.0
1245,377648,0.0
1345,368084,0.0
1244,377964,0.0
1208,366517,0.0
1209,370141,0.0
1210,371402,0.0
1212,365869,0.0
1213,374074,0.0
1215,369825,0.0
1217,358434,0.0
1222,368730,0.0
1224,371796,0.0
1226,374320,0.0
1227,378215,0.0
1228,374608,0.0
1229,360279,0.0
1231,370168,0.0
1233,371957,0.0
1235,355916,0.0
1238,375053,0.0
1241,368099,0.0
1243,369452,0.0
1274,373446,0.0
1276,374115,0.0
1277,366259,0.0
1278,376669,0.0
1312,369992,0.0
1314,365909,0.0
1316,371599,0.0
1317,378304,0.0
1319,369456,0.0
1320,367360,0.0
1321,365410,0.0
1323,367545,0.0
1324,374903,0.0
1326,375063,0.0
1328,372099,0.0
1330,378230,0.0
1331,376336,0.0
1332,367176,0.0
1333,369028,0.0
1336,367544,0.0
1340,366799,0.0
1342,365439,0.0
1344,371634,0.0
1311,374294,0.0
1310,375408,0.0
1309,375776,0.0
1291,376908,0.0
1279,366242,0.0
1280,366081,0.0
1281,373232,0.0
1283,365414,0.0
1284,370712,0.0
1285,370817,0.0
1288,376478,0.0
1289,369975,0.0
1294,368383,0.0
1308,354015,0.0
1295,368395,0.0
1297,366980,0.0
1298,366978,0.0
1299,371795,0.0
1300,352307,0.0
1301,371520,0.0
1302,367425,0.0
1303,376092,0.0
1487,374308,0.0
1489,366964,0.0
1490,376109,0.0
1677,365448,0.0
1681,377628,0.0
1683,367383,0.0
1686,372958,0.0
1687,365559,0.0
1691,376088,0.0
1692,358167,0.0
1693,374107,0.0
1694,360388,0.0
1695,377473,0.0
1696,354407,0.0
1698,368852,0.0
1699,374122,0.0
1700,371963,0.0
1701,364610,0.0
1703,377793,0.0
1707,371624,0.0
1709,369604,0.0
1710,375265,0.0
1711,365704,0.0
1678,375282,0.0
1676,370889,0.0
1638,366275,0.0
1674,356969,0.0
1642,354628,0.0
1643,374776,0.0
1644,370711,0.0
1646,367567,0.0
1647,373667,0.0
1648,371071,0.0
1650,369630,0.0
1651,373443,0.0
1652,374325,0.0
1655,368819,0.0
1658,377497,0.0
1659,370557,0.0
1660,361002,0.0
1662,366838,0.0
1664,369792,0.0
1665,370743,0.0
1668,371037,0.0
1670,376049,0.0
1671,377857,0.0
1713,372352,0.0
1714,373657,0.0
1715,374305,0.0
1717,370707,0.0
1755,367213,0.0
1757,352705,0.0
1759,375185,0.0
1760,366847,0.0
1761,369432,0.0
1763,370719,0.0
1765,373672,0.0
1767,361273,0.0
1768,372358,0.0
1770,374172,0.0
1771,368038,0.0
1772,367903,0.0
1773,373436,0.0
1776,372261,0.0
1781,361445,0.0
1785,369121,0.0
1786,361266,0.0
1787,369029,0.0
1788,352819,0.0
1751,359959,0.0
1750,377472,0.0
1749,377479,0.0
1730,371379,0.0
1718,368709,0.0
1719,361689,0.0
1720,368139,0.0
1721,369007,0.0
1722,372914,0.0
1723,356429,0.0
1726,376979,0.0
1729,376887,0.0
1731,367578,0.0
1748,367871,0.0
1732,372893,0.0
1734,374769,0.0
1735,370369,0.0
1738,368827,0.0
1739,370384,0.0
1741,373392,0.0
1742,371406,0.0
1747,375051,0.0
1639,368066,0.0
1636,376679,0.0
1491,365424,0.0
1529,366085,0.0
1531,365619,0.0
1535,367187,0.0
1536,369972,0.0
1537,369469,0.0
1541,368747,0.0
1543,375617,0.0
1544,370843,0.0
1547,363023,0.0
1549,376110,0.0
1550,366511,0.0
1552,358442,0.0
1554,375782,0.0
1556,370554,0.0
1557,354943,0.0
1558,360231,0.0
1559,359781,0.0
1561,371950,0.0
1562,369984,0.0
1563,367212,0.0
1530,354911,0.0
1525,373933,0.0
1635,369296,0.0
1524,366686,0.0
1492,356752,0.0
1494,376299,0.0
1495,354821,0.0
1498,370137,0.0
1499,373674,0.0
1501,365902,0.0
1503,361845,0.0
1505,372909,0.0
1507,369154,0.0
1508,373114,0.0
1509,373095,0.0
1512,371628,0.0
1513,367381,0.0
1514,375209,0.0
1515,358588,0.0
1516,374601,0.0
1518,367020,0.0
1520,368660,0.0
1521,368047,0.0
1565,372245,0.0
1567,368407,0.0
1568,376653,0.0
1569,361158,0.0
1608,375774,0.0
1611,368716,0.0
1612,365468,0.0
1613,367358,0.0
1614,372903,0.0
1615,361559,0.0
1616,372201,0.0
1617,368902,0.0
1618,373476,0.0
1620,373112,0.0
1622,375763,0.0
1623,354818,0.0
1624,373675,0.0
1627,359467,0.0
1628,356156,0.0
1630,375197,0.0
1631,374624,0.0
1632,355364,0.0
1634,374551,0.0
1607,373257,0.0
1606,356745,0.0
1604,365438,0.0
1582,375470,0.0
1570,372811,0.0
1572,367889,0.0
1573,374127,0.0
1574,372451,0.0
1575,378076,0.0
1576,376836,0.0
1578,371016,0.0
1580,373362,0.0
1584,369332,0.0
1601,367872,0.0
1585,368081,0.0
1586,355361,0.0
1591,371275,0.0
1592,367420,0.0
1595,377601,0.0
1596,369441,0.0
1599,374756,0.0
1600,367411,0.0
3849,372119,0.0
